Node,Time,Value
bus_1001,1,0.0
bus_1001,2,0.0
bus_1001,3,0.0
bus_1001,4,0.0
bus_1001,5,0.0
bus_1001,6,0.0
bus_1001,7,0.0
bus_1001,8,0.0
bus_1001,9,0.0
bus_1001,10,0.0
bus_1001,11,0.0
bus_1001,12,0.0
bus_1001,13,0.0
bus_1001,14,0.0
bus_1001,15,0.0
bus_1001,16,0.0
bus_1001,17,0.0
bus_1001,18,0.0
bus_1001,19,0.0
bus_1001,20,0.0
bus_1001,21,0.0
bus_1001,22,0.0
bus_1001,23,0.0
bus_1001,24,0.0
bus_1081,1,0.0
bus_1081,2,0.0
bus_1081,3,0.0
bus_1081,4,0.0
bus_1081,5,0.0
bus_1081,6,0.0
bus_1081,7,0.0
bus_1081,8,0.0
bus_1081,9,0.0
bus_1081,10,0.0
bus_1081,11,0.0
bus_1081,12,0.0
bus_1081,13,0.0
bus_1081,14,0.0
bus_1081,15,0.0
bus_1081,16,0.0
bus_1081,17,0.0
bus_1081,18,0.0
bus_1081,19,0.0
bus_1081,20,0.0
bus_1081,21,0.0
bus_1081,22,0.0
bus_1081,23,0.0
bus_1081,24,0.0
bus_2001,1,0.0
bus_2001,2,0.0
bus_2001,3,0.0
bus_2001,4,0.0
bus_2001,5,0.0
bus_2001,6,0.0
bus_2001,7,0.0
bus_2001,8,0.0
bus_2001,9,0.0
bus_2001,10,0.0
bus_2001,11,0.0
bus_2001,12,0.0
bus_2001,13,0.0
bus_2001,14,0.0
bus_2001,15,0.0
bus_2001,16,0.0
bus_2001,17,0.0
bus_2001,18,0.0
bus_2001,19,0.0
bus_2001,20,0.0
bus_2001,21,0.0
bus_2001,22,0.0
bus_2001,23,0.0
bus_2001,24,0.0
bus_2008,1,0.0
bus_2008,2,0.0
bus_2008,3,0.0
bus_2008,4,0.0
bus_2008,5,0.0
bus_2008,6,0.0
bus_2008,7,0.0
bus_2008,8,0.0
bus_2008,9,0.0
bus_2008,10,0.0
bus_2008,11,0.0
bus_2008,12,0.0
bus_2008,13,0.0
bus_2008,14,0.0
bus_2008,15,0.0
bus_2008,16,0.0
bus_2008,17,0.0
bus_2008,18,0.0
bus_2008,19,0.0
bus_2008,20,0.0
bus_2008,21,0.0
bus_2008,22,0.0
bus_2008,23,0.0
bus_2008,24,0.0
bus_3002,1,0.0
bus_3002,2,0.0
bus_3002,3,0.0
bus_3002,4,0.0
bus_3002,5,0.0
bus_3002,6,0.0
bus_3002,7,0.0
bus_3002,8,0.0
bus_3002,9,0.0
bus_3002,10,0.0
bus_3002,11,0.0
bus_3002,12,0.0
bus_3002,13,0.0
bus_3002,14,0.0
bus_3002,15,0.0
bus_3002,16,0.0
bus_3002,17,0.0
bus_3002,18,0.0
bus_3002,19,0.0
bus_3002,20,0.0
bus_3002,21,0.0
bus_3002,22,0.0
bus_3002,23,0.0
bus_3002,24,0.0
bus_3006,1,0.0
bus_3006,2,0.0
bus_3006,3,0.0
bus_3006,4,0.0
bus_3006,5,0.0
bus_3006,6,0.0
bus_3006,7,0.0
bus_3006,8,0.0
bus_3006,9,0.0
bus_3006,10,0.0
bus_3006,11,0.0
bus_3006,12,0.0
bus_3006,13,0.0
bus_3006,14,0.0
bus_3006,15,0.0
bus_3006,16,0.0
bus_3006,17,0.0
bus_3006,18,0.0
bus_3006,19,0.0
bus_3006,20,0.0
bus_3006,21,0.0
bus_3006,22,0.0
bus_3006,23,0.0
bus_3006,24,0.0
bus_4002,1,0.0
bus_4002,2,0.0
bus_4002,3,0.0
bus_4002,4,0.0
bus_4002,5,0.0
bus_4002,6,0.0
bus_4002,7,0.0
bus_4002,8,0.0
bus_4002,9,0.0
bus_4002,10,0.0
bus_4002,11,0.0
bus_4002,12,0.0
bus_4002,13,0.0
bus_4002,14,0.0
bus_4002,15,0.0
bus_4002,16,0.0
bus_4002,17,0.0
bus_4002,18,0.0
bus_4002,19,0.0
bus_4002,20,0.0
bus_4002,21,0.0
bus_4002,22,0.0
bus_4002,23,0.0
bus_4002,24,0.0
bus_4003,1,0.0
bus_4003,2,0.0
bus_4003,3,0.0
bus_4003,4,0.0
bus_4003,5,0.0
bus_4003,6,0.0
bus_4003,7,0.0
bus_4003,8,0.0
bus_4003,9,0.0
bus_4003,10,0.0
bus_4003,11,0.0
bus_4003,12,0.0
bus_4003,13,0.0
bus_4003,14,0.0
bus_4003,15,0.0
bus_4003,16,0.0
bus_4003,17,0.0
bus_4003,18,0.0
bus_4003,19,0.0
bus_4003,20,0.0
bus_4003,21,0.0
bus_4003,22,0.0
bus_4003,23,0.0
bus_4003,24,0.0
bus_4007,1,0.0
bus_4007,2,0.0
bus_4007,3,0.0
bus_4007,4,0.0
bus_4007,5,0.0
bus_4007,6,0.0
bus_4007,7,0.0
bus_4007,8,0.0
bus_4007,9,0.0
bus_4007,10,0.0
bus_4007,11,0.0
bus_4007,12,0.0
bus_4007,13,0.0
bus_4007,14,0.0
bus_4007,15,0.0
bus_4007,16,0.0
bus_4007,17,0.0
bus_4007,18,0.0
bus_4007,19,0.0
bus_4007,20,0.0
bus_4007,21,0.0
bus_4007,22,0.0
bus_4007,23,0.0
bus_4007,24,0.0
bus_4017,1,0.0
bus_4017,2,0.0
bus_4017,3,0.0
bus_4017,4,0.0
bus_4017,5,0.0
bus_4017,6,0.0
bus_4017,7,0.0
bus_4017,8,0.0
bus_4017,9,0.0
bus_4017,10,0.0
bus_4017,11,0.0
bus_4017,12,0.0
bus_4017,13,0.0
bus_4017,14,0.0
bus_4017,15,0.0
bus_4017,16,0.0
bus_4017,17,0.0
bus_4017,18,0.0
bus_4017,19,0.0
bus_4017,20,0.0
bus_4017,21,0.0
bus_4017,22,0.0
bus_4017,23,0.0
bus_4017,24,0.0
bus_4040,1,0.0
bus_4040,2,0.0
bus_4040,3,0.0
bus_4040,4,0.0
bus_4040,5,0.0
bus_4040,6,0.0
bus_4040,7,0.0
bus_4040,8,0.0
bus_4040,9,0.0
bus_4040,10,0.0
bus_4040,11,0.0
bus_4040,12,0.0
bus_4040,13,0.0
bus_4040,14,0.0
bus_4040,15,0.0
bus_4040,16,0.0
bus_4040,17,0.0
bus_4040,18,0.0
bus_4040,19,0.0
bus_4040,20,0.0
bus_4040,21,0.0
bus_4040,22,0.0
bus_4040,23,0.0
bus_4040,24,0.0
bus_4042,1,0.0
bus_4042,2,0.0
bus_4042,3,0.0
bus_4042,4,0.0
bus_4042,5,0.0
bus_4042,6,0.0
bus_4042,7,0.0
bus_4042,8,0.0
bus_4042,9,0.0
bus_4042,10,0.0
bus_4042,11,0.0
bus_4042,12,0.0
bus_4042,13,0.0
bus_4042,14,0.0
bus_4042,15,0.0
bus_4042,16,0.0
bus_4042,17,0.0
bus_4042,18,0.0
bus_4042,19,0.0
bus_4042,20,0.0
bus_4042,21,0.0
bus_4042,22,0.0
bus_4042,23,0.0
bus_4042,24,0.0
bus_4066,1,0.0
bus_4066,2,0.0
bus_4066,3,0.0
bus_4066,4,0.0
bus_4066,5,0.0
bus_4066,6,0.0
bus_4066,7,0.0
bus_4066,8,0.0
bus_4066,9,0.0
bus_4066,10,0.0
bus_4066,11,0.0
bus_4066,12,0.0
bus_4066,13,0.0
bus_4066,14,0.0
bus_4066,15,0.0
bus_4066,16,0.0
bus_4066,17,0.0
bus_4066,18,0.0
bus_4066,19,0.0
bus_4066,20,0.0
bus_4066,21,0.0
bus_4066,22,0.0
bus_4066,23,0.0
bus_4066,24,0.0
bus_4071,1,0.0
bus_4071,2,0.0
bus_4071,3,0.0
bus_4071,4,0.0
bus_4071,5,0.0
bus_4071,6,0.0
bus_4071,7,0.0
bus_4071,8,0.0
bus_4071,9,0.0
bus_4071,10,0.0
bus_4071,11,0.0
bus_4071,12,0.0
bus_4071,13,0.0
bus_4071,14,0.0
bus_4071,15,0.0
bus_4071,16,0.0
bus_4071,17,0.0
bus_4071,18,0.0
bus_4071,19,0.0
bus_4071,20,0.0
bus_4071,21,0.0
bus_4071,22,0.0
bus_4071,23,0.0
bus_4071,24,0.0
bus_4079,1,0.0
bus_4079,2,0.0
bus_4079,3,0.0
bus_4079,4,0.0
bus_4079,5,0.0
bus_4079,6,0.0
bus_4079,7,0.0
bus_4079,8,0.0
bus_4079,9,0.0
bus_4079,10,0.0
bus_4079,11,0.0
bus_4079,12,0.0
bus_4079,13,0.0
bus_4079,14,0.0
bus_4079,15,0.0
bus_4079,16,0.0
bus_4079,17,0.0
bus_4079,18,0.0
bus_4079,19,0.0
bus_4079,20,0.0
bus_4079,21,0.0
bus_4079,22,0.0
bus_4079,23,0.0
bus_4079,24,0.0
bus_4085,1,0.0
bus_4085,2,0.0
bus_4085,3,0.0
bus_4085,4,0.0
bus_4085,5,0.0
bus_4085,6,0.0
bus_4085,7,0.0
bus_4085,8,0.0
bus_4085,9,0.0
bus_4085,10,0.0
bus_4085,11,0.0
bus_4085,12,0.0
bus_4085,13,0.0
bus_4085,14,0.0
bus_4085,15,0.0
bus_4085,16,0.0
bus_4085,17,0.0
bus_4085,18,0.0
bus_4085,19,0.0
bus_4085,20,0.0
bus_4085,21,0.0
bus_4085,22,0.0
bus_4085,23,0.0
bus_4085,24,0.0
bus_4088,1,0.0
bus_4088,2,0.0
bus_4088,3,0.0
bus_4088,4,0.0
bus_4088,5,0.0
bus_4088,6,0.0
bus_4088,7,0.0
bus_4088,8,0.0
bus_4088,9,0.0
bus_4088,10,0.0
bus_4088,11,0.0
bus_4088,12,0.0
bus_4088,13,0.0
bus_4088,14,0.0
bus_4088,15,0.0
bus_4088,16,0.0
bus_4088,17,0.0
bus_4088,18,0.0
bus_4088,19,0.0
bus_4088,20,0.0
bus_4088,21,0.0
bus_4088,22,0.0
bus_4088,23,0.0
bus_4088,24,0.0
bus_4103,1,0.0
bus_4103,2,0.0
bus_4103,3,0.0
bus_4103,4,0.0
bus_4103,5,0.0
bus_4103,6,0.0
bus_4103,7,0.0
bus_4103,8,0.0
bus_4103,9,0.0
bus_4103,10,0.0
bus_4103,11,0.0
bus_4103,12,0.0
bus_4103,13,0.0
bus_4103,14,0.0
bus_4103,15,0.0
bus_4103,16,0.0
bus_4103,17,0.0
bus_4103,18,0.0
bus_4103,19,0.0
bus_4103,20,0.0
bus_4103,21,0.0
bus_4103,22,0.0
bus_4103,23,0.0
bus_4103,24,0.0
bus_4147,1,0.0
bus_4147,2,0.0
bus_4147,3,0.0
bus_4147,4,0.0
bus_4147,5,0.0
bus_4147,6,0.0
bus_4147,7,0.0
bus_4147,8,0.0
bus_4147,9,0.0
bus_4147,10,0.0
bus_4147,11,0.0
bus_4147,12,0.0
bus_4147,13,0.0
bus_4147,14,0.0
bus_4147,15,0.0
bus_4147,16,0.0
bus_4147,17,0.0
bus_4147,18,0.0
bus_4147,19,0.0
bus_4147,20,0.0
bus_4147,21,0.0
bus_4147,22,0.0
bus_4147,23,0.0
bus_4147,24,0.0
bus_4192,1,0.0
bus_4192,2,0.0
bus_4192,3,0.0
bus_4192,4,0.0
bus_4192,5,0.0
bus_4192,6,0.0
bus_4192,7,0.0
bus_4192,8,0.0
bus_4192,9,0.0
bus_4192,10,0.0
bus_4192,11,0.0
bus_4192,12,0.0
bus_4192,13,0.0
bus_4192,14,0.0
bus_4192,15,0.0
bus_4192,16,0.0
bus_4192,17,0.0
bus_4192,18,0.0
bus_4192,19,0.0
bus_4192,20,0.0
bus_4192,21,0.0
bus_4192,22,0.0
bus_4192,23,0.0
bus_4192,24,0.0
bus_5003,1,0.0
bus_5003,2,0.0
bus_5003,3,0.0
bus_5003,4,0.0
bus_5003,5,0.0
bus_5003,6,0.0
bus_5003,7,0.0
bus_5003,8,0.0
bus_5003,9,0.0
bus_5003,10,0.0
bus_5003,11,0.0
bus_5003,12,0.0
bus_5003,13,0.0
bus_5003,14,0.0
bus_5003,15,0.0
bus_5003,16,0.0
bus_5003,17,0.0
bus_5003,18,0.0
bus_5003,19,0.0
bus_5003,20,0.0
bus_5003,21,0.0
bus_5003,22,0.0
bus_5003,23,0.0
bus_5003,24,0.0
bus_5004,1,0.0
bus_5004,2,0.0
bus_5004,3,0.0
bus_5004,4,0.0
bus_5004,5,0.0
bus_5004,6,0.0
bus_5004,7,0.0
bus_5004,8,0.0
bus_5004,9,0.0
bus_5004,10,0.0
bus_5004,11,0.0
bus_5004,12,0.0
bus_5004,13,0.0
bus_5004,14,0.0
bus_5004,15,0.0
bus_5004,16,0.0
bus_5004,17,0.0
bus_5004,18,0.0
bus_5004,19,0.0
bus_5004,20,0.0
bus_5004,21,0.0
bus_5004,22,0.0
bus_5004,23,0.0
bus_5004,24,0.0
bus_5005,1,0.0
bus_5005,2,0.0
bus_5005,3,0.0
bus_5005,4,0.0
bus_5005,5,0.0
bus_5005,6,0.0
bus_5005,7,0.0
bus_5005,8,0.0
bus_5005,9,0.0
bus_5005,10,0.0
bus_5005,11,0.0
bus_5005,12,0.0
bus_5005,13,0.0
bus_5005,14,0.0
bus_5005,15,0.0
bus_5005,16,0.0
bus_5005,17,0.0
bus_5005,18,0.0
bus_5005,19,0.0
bus_5005,20,0.0
bus_5005,21,0.0
bus_5005,22,0.0
bus_5005,23,0.0
bus_5005,24,0.0
bus_5007,1,0.0
bus_5007,2,0.0
bus_5007,3,0.0
bus_5007,4,0.0
bus_5007,5,0.0
bus_5007,6,0.0
bus_5007,7,0.0
bus_5007,8,0.0
bus_5007,9,0.0
bus_5007,10,0.0
bus_5007,11,0.0
bus_5007,12,0.0
bus_5007,13,0.0
bus_5007,14,0.0
bus_5007,15,0.0
bus_5007,16,0.0
bus_5007,17,0.0
bus_5007,18,0.0
bus_5007,19,0.0
bus_5007,20,0.0
bus_5007,21,0.0
bus_5007,22,0.0
bus_5007,23,0.0
bus_5007,24,0.0
bus_5008,1,0.0
bus_5008,2,0.0
bus_5008,3,0.0
bus_5008,4,0.0
bus_5008,5,0.0
bus_5008,6,0.0
bus_5008,7,0.0
bus_5008,8,0.0
bus_5008,9,0.0
bus_5008,10,0.0
bus_5008,11,0.0
bus_5008,12,0.0
bus_5008,13,0.0
bus_5008,14,0.0
bus_5008,15,0.0
bus_5008,16,0.0
bus_5008,17,0.0
bus_5008,18,0.0
bus_5008,19,0.0
bus_5008,20,0.0
bus_5008,21,0.0
bus_5008,22,0.0
bus_5008,23,0.0
bus_5008,24,0.0
bus_5011,1,0.0
bus_5011,2,0.0
bus_5011,3,0.0
bus_5011,4,0.0
bus_5011,5,0.0
bus_5011,6,0.0
bus_5011,7,0.0
bus_5011,8,0.0
bus_5011,9,0.0
bus_5011,10,0.0
bus_5011,11,0.0
bus_5011,12,0.0
bus_5011,13,0.0
bus_5011,14,0.0
bus_5011,15,0.0
bus_5011,16,0.0
bus_5011,17,0.0
bus_5011,18,0.0
bus_5011,19,0.0
bus_5011,20,0.0
bus_5011,21,0.0
bus_5011,22,0.0
bus_5011,23,0.0
bus_5011,24,0.0
bus_5016,1,0.0
bus_5016,2,0.0
bus_5016,3,0.0
bus_5016,4,0.0
bus_5016,5,0.0
bus_5016,6,0.0
bus_5016,7,0.0
bus_5016,8,0.0
bus_5016,9,0.0
bus_5016,10,0.0
bus_5016,11,0.0
bus_5016,12,0.0
bus_5016,13,0.0
bus_5016,14,0.0
bus_5016,15,0.0
bus_5016,16,0.0
bus_5016,17,0.0
bus_5016,18,0.0
bus_5016,19,0.0
bus_5016,20,0.0
bus_5016,21,0.0
bus_5016,22,0.0
bus_5016,23,0.0
bus_5016,24,0.0
bus_5030,1,0.0
bus_5030,2,0.0
bus_5030,3,0.0
bus_5030,4,0.0
bus_5030,5,0.0
bus_5030,6,0.0
bus_5030,7,0.0
bus_5030,8,0.0
bus_5030,9,0.0
bus_5030,10,0.0
bus_5030,11,0.0
bus_5030,12,0.0
bus_5030,13,0.0
bus_5030,14,0.0
bus_5030,15,0.0
bus_5030,16,0.0
bus_5030,17,0.0
bus_5030,18,0.0
bus_5030,19,0.0
bus_5030,20,0.0
bus_5030,21,0.0
bus_5030,22,0.0
bus_5030,23,0.0
bus_5030,24,0.0
bus_5037,1,0.0
bus_5037,2,0.0
bus_5037,3,0.0
bus_5037,4,0.0
bus_5037,5,0.0
bus_5037,6,0.0
bus_5037,7,0.0
bus_5037,8,0.0
bus_5037,9,0.0
bus_5037,10,0.0
bus_5037,11,0.0
bus_5037,12,0.0
bus_5037,13,0.0
bus_5037,14,0.0
bus_5037,15,0.0
bus_5037,16,0.0
bus_5037,17,0.0
bus_5037,18,0.0
bus_5037,19,0.0
bus_5037,20,0.0
bus_5037,21,0.0
bus_5037,22,0.0
bus_5037,23,0.0
bus_5037,24,0.0
bus_5048,1,0.0
bus_5048,2,0.0
bus_5048,3,0.0
bus_5048,4,0.0
bus_5048,5,0.0
bus_5048,6,0.0
bus_5048,7,0.0
bus_5048,8,0.0
bus_5048,9,0.0
bus_5048,10,0.0
bus_5048,11,0.0
bus_5048,12,0.0
bus_5048,13,0.0
bus_5048,14,0.0
bus_5048,15,0.0
bus_5048,16,0.0
bus_5048,17,0.0
bus_5048,18,0.0
bus_5048,19,0.0
bus_5048,20,0.0
bus_5048,21,0.0
bus_5048,22,0.0
bus_5048,23,0.0
bus_5048,24,0.0
bus_5084,1,0.0
bus_5084,2,0.0
bus_5084,3,0.0
bus_5084,4,0.0
bus_5084,5,0.0
bus_5084,6,0.0
bus_5084,7,0.0
bus_5084,8,0.0
bus_5084,9,0.0
bus_5084,10,0.0
bus_5084,11,0.0
bus_5084,12,0.0
bus_5084,13,0.0
bus_5084,14,0.0
bus_5084,15,0.0
bus_5084,16,0.0
bus_5084,17,0.0
bus_5084,18,0.0
bus_5084,19,0.0
bus_5084,20,0.0
bus_5084,21,0.0
bus_5084,22,0.0
bus_5084,23,0.0
bus_5084,24,0.0
bus_5103,1,0.0
bus_5103,2,0.0
bus_5103,3,0.0
bus_5103,4,0.0
bus_5103,5,0.0
bus_5103,6,0.0
bus_5103,7,0.0
bus_5103,8,0.0
bus_5103,9,0.0
bus_5103,10,0.0
bus_5103,11,0.0
bus_5103,12,0.0
bus_5103,13,0.0
bus_5103,14,0.0
bus_5103,15,0.0
bus_5103,16,0.0
bus_5103,17,0.0
bus_5103,18,0.0
bus_5103,19,0.0
bus_5103,20,0.0
bus_5103,21,0.0
bus_5103,22,0.0
bus_5103,23,0.0
bus_5103,24,0.0
bus_5126,1,0.0
bus_5126,2,0.0
bus_5126,3,0.0
bus_5126,4,0.0
bus_5126,5,0.0
bus_5126,6,0.0
bus_5126,7,0.0
bus_5126,8,0.0
bus_5126,9,0.0
bus_5126,10,0.0
bus_5126,11,0.0
bus_5126,12,0.0
bus_5126,13,0.0
bus_5126,14,0.0
bus_5126,15,0.0
bus_5126,16,0.0
bus_5126,17,0.0
bus_5126,18,0.0
bus_5126,19,0.0
bus_5126,20,0.0
bus_5126,21,0.0
bus_5126,22,0.0
bus_5126,23,0.0
bus_5126,24,0.0
bus_5161,1,0.0
bus_5161,2,0.0
bus_5161,3,0.0
bus_5161,4,0.0
bus_5161,5,0.0
bus_5161,6,0.0
bus_5161,7,0.0
bus_5161,8,0.0
bus_5161,9,0.0
bus_5161,10,0.0
bus_5161,11,0.0
bus_5161,12,0.0
bus_5161,13,0.0
bus_5161,14,0.0
bus_5161,15,0.0
bus_5161,16,0.0
bus_5161,17,0.0
bus_5161,18,0.0
bus_5161,19,0.0
bus_5161,20,0.0
bus_5161,21,0.0
bus_5161,22,0.0
bus_5161,23,0.0
bus_5161,24,0.0
bus_5181,1,0.0
bus_5181,2,0.0
bus_5181,3,0.0
bus_5181,4,0.0
bus_5181,5,0.0
bus_5181,6,0.0
bus_5181,7,0.0
bus_5181,8,0.0
bus_5181,9,0.0
bus_5181,10,0.0
bus_5181,11,0.0
bus_5181,12,0.0
bus_5181,13,0.0
bus_5181,14,0.0
bus_5181,15,0.0
bus_5181,16,0.0
bus_5181,17,0.0
bus_5181,18,0.0
bus_5181,19,0.0
bus_5181,20,0.0
bus_5181,21,0.0
bus_5181,22,0.0
bus_5181,23,0.0
bus_5181,24,0.0
bus_5262,1,0.0
bus_5262,2,0.0
bus_5262,3,0.0
bus_5262,4,0.0
bus_5262,5,0.0
bus_5262,6,0.0
bus_5262,7,0.0
bus_5262,8,0.0
bus_5262,9,0.0
bus_5262,10,0.0
bus_5262,11,0.0
bus_5262,12,0.0
bus_5262,13,0.0
bus_5262,14,0.0
bus_5262,15,0.0
bus_5262,16,0.0
bus_5262,17,0.0
bus_5262,18,0.0
bus_5262,19,0.0
bus_5262,20,0.0
bus_5262,21,0.0
bus_5262,22,0.0
bus_5262,23,0.0
bus_5262,24,0.0
bus_5287,1,0.0
bus_5287,2,0.0
bus_5287,3,0.0
bus_5287,4,0.0
bus_5287,5,0.0
bus_5287,6,0.0
bus_5287,7,0.0
bus_5287,8,0.0
bus_5287,9,0.0
bus_5287,10,0.0
bus_5287,11,0.0
bus_5287,12,0.0
bus_5287,13,0.0
bus_5287,14,0.0
bus_5287,15,0.0
bus_5287,16,0.0
bus_5287,17,0.0
bus_5287,18,0.0
bus_5287,19,0.0
bus_5287,20,0.0
bus_5287,21,0.0
bus_5287,22,0.0
bus_5287,23,0.0
bus_5287,24,0.0
bus_5305,1,0.0
bus_5305,2,0.0
bus_5305,3,0.0
bus_5305,4,0.0
bus_5305,5,0.0
bus_5305,6,0.0
bus_5305,7,0.0
bus_5305,8,0.0
bus_5305,9,0.0
bus_5305,10,0.0
bus_5305,11,0.0
bus_5305,12,0.0
bus_5305,13,0.0
bus_5305,14,0.0
bus_5305,15,0.0
bus_5305,16,0.0
bus_5305,17,0.0
bus_5305,18,0.0
bus_5305,19,0.0
bus_5305,20,0.0
bus_5305,21,0.0
bus_5305,22,0.0
bus_5305,23,0.0
bus_5305,24,0.0
bus_5323,1,0.0
bus_5323,2,0.0
bus_5323,3,0.0
bus_5323,4,0.0
bus_5323,5,0.0
bus_5323,6,0.0
bus_5323,7,0.0
bus_5323,8,0.0
bus_5323,9,0.0
bus_5323,10,0.0
bus_5323,11,0.0
bus_5323,12,0.0
bus_5323,13,0.0
bus_5323,14,0.0
bus_5323,15,0.0
bus_5323,16,0.0
bus_5323,17,0.0
bus_5323,18,0.0
bus_5323,19,0.0
bus_5323,20,0.0
bus_5323,21,0.0
bus_5323,22,0.0
bus_5323,23,0.0
bus_5323,24,0.0
bus_5351,1,0.0
bus_5351,2,0.0
bus_5351,3,0.0
bus_5351,4,0.0
bus_5351,5,0.0
bus_5351,6,0.0
bus_5351,7,0.0
bus_5351,8,0.0
bus_5351,9,0.0
bus_5351,10,0.0
bus_5351,11,0.0
bus_5351,12,0.0
bus_5351,13,0.0
bus_5351,14,0.0
bus_5351,15,0.0
bus_5351,16,0.0
bus_5351,17,0.0
bus_5351,18,0.0
bus_5351,19,0.0
bus_5351,20,0.0
bus_5351,21,0.0
bus_5351,22,0.0
bus_5351,23,0.0
bus_5351,24,0.0
bus_5385,1,0.0
bus_5385,2,0.0
bus_5385,3,0.0
bus_5385,4,0.0
bus_5385,5,0.0
bus_5385,6,0.0
bus_5385,7,0.0
bus_5385,8,0.0
bus_5385,9,0.0
bus_5385,10,0.0
bus_5385,11,0.0
bus_5385,12,0.0
bus_5385,13,0.0
bus_5385,14,0.0
bus_5385,15,0.0
bus_5385,16,0.0
bus_5385,17,0.0
bus_5385,18,0.0
bus_5385,19,0.0
bus_5385,20,0.0
bus_5385,21,0.0
bus_5385,22,0.0
bus_5385,23,0.0
bus_5385,24,0.0
bus_5422,1,0.0
bus_5422,2,0.0
bus_5422,3,0.0
bus_5422,4,0.0
bus_5422,5,0.0
bus_5422,6,0.0
bus_5422,7,0.0
bus_5422,8,0.0
bus_5422,9,0.0
bus_5422,10,0.0
bus_5422,11,0.0
bus_5422,12,0.0
bus_5422,13,0.0
bus_5422,14,0.0
bus_5422,15,0.0
bus_5422,16,0.0
bus_5422,17,0.0
bus_5422,18,0.0
bus_5422,19,0.0
bus_5422,20,0.0
bus_5422,21,0.0
bus_5422,22,0.0
bus_5422,23,0.0
bus_5422,24,0.0
bus_5444,1,0.0
bus_5444,2,0.0
bus_5444,3,0.0
bus_5444,4,0.0
bus_5444,5,0.0
bus_5444,6,0.0
bus_5444,7,0.0
bus_5444,8,0.0
bus_5444,9,0.0
bus_5444,10,0.0
bus_5444,11,0.0
bus_5444,12,0.0
bus_5444,13,0.0
bus_5444,14,0.0
bus_5444,15,0.0
bus_5444,16,0.0
bus_5444,17,0.0
bus_5444,18,0.0
bus_5444,19,0.0
bus_5444,20,0.0
bus_5444,21,0.0
bus_5444,22,0.0
bus_5444,23,0.0
bus_5444,24,0.0
bus_5449,1,0.0
bus_5449,2,0.0
bus_5449,3,0.0
bus_5449,4,0.0
bus_5449,5,0.0
bus_5449,6,0.0
bus_5449,7,0.0
bus_5449,8,0.0
bus_5449,9,0.0
bus_5449,10,0.0
bus_5449,11,0.0
bus_5449,12,0.0
bus_5449,13,0.0
bus_5449,14,0.0
bus_5449,15,0.0
bus_5449,16,0.0
bus_5449,17,0.0
bus_5449,18,0.0
bus_5449,19,0.0
bus_5449,20,0.0
bus_5449,21,0.0
bus_5449,22,0.0
bus_5449,23,0.0
bus_5449,24,0.0
bus_5465,1,0.0
bus_5465,2,0.0
bus_5465,3,0.0
bus_5465,4,0.0
bus_5465,5,0.0
bus_5465,6,0.0
bus_5465,7,0.0
bus_5465,8,0.0
bus_5465,9,0.0
bus_5465,10,0.0
bus_5465,11,0.0
bus_5465,12,0.0
bus_5465,13,0.0
bus_5465,14,0.0
bus_5465,15,0.0
bus_5465,16,0.0
bus_5465,17,0.0
bus_5465,18,0.0
bus_5465,19,0.0
bus_5465,20,0.0
bus_5465,21,0.0
bus_5465,22,0.0
bus_5465,23,0.0
bus_5465,24,0.0
bus_5480,1,0.0
bus_5480,2,0.0
bus_5480,3,0.0
bus_5480,4,0.0
bus_5480,5,0.0
bus_5480,6,0.0
bus_5480,7,0.0
bus_5480,8,0.0
bus_5480,9,0.0
bus_5480,10,0.0
bus_5480,11,0.0
bus_5480,12,0.0
bus_5480,13,0.0
bus_5480,14,0.0
bus_5480,15,0.0
bus_5480,16,0.0
bus_5480,17,0.0
bus_5480,18,0.0
bus_5480,19,0.0
bus_5480,20,0.0
bus_5480,21,0.0
bus_5480,22,0.0
bus_5480,23,0.0
bus_5480,24,0.0
bus_6001,1,0.0
bus_6001,2,0.0
bus_6001,3,0.0
bus_6001,4,0.0
bus_6001,5,0.0
bus_6001,6,0.0
bus_6001,7,0.0
bus_6001,8,0.0
bus_6001,9,0.0
bus_6001,10,0.0
bus_6001,11,0.0
bus_6001,12,0.0
bus_6001,13,0.0
bus_6001,14,0.0
bus_6001,15,0.0
bus_6001,16,0.0
bus_6001,17,0.0
bus_6001,18,0.0
bus_6001,19,0.0
bus_6001,20,0.0
bus_6001,21,0.0
bus_6001,22,0.0
bus_6001,23,0.0
bus_6001,24,0.0
bus_6002,1,0.0
bus_6002,2,0.0
bus_6002,3,0.0
bus_6002,4,0.0
bus_6002,5,0.0
bus_6002,6,0.0
bus_6002,7,0.0
bus_6002,8,0.0
bus_6002,9,0.0
bus_6002,10,0.0
bus_6002,11,0.0
bus_6002,12,0.0
bus_6002,13,0.0
bus_6002,14,0.0
bus_6002,15,0.0
bus_6002,16,0.0
bus_6002,17,0.0
bus_6002,18,0.0
bus_6002,19,0.0
bus_6002,20,0.0
bus_6002,21,0.0
bus_6002,22,0.0
bus_6002,23,0.0
bus_6002,24,0.0
bus_6005,1,0.0
bus_6005,2,0.0
bus_6005,3,0.0
bus_6005,4,0.0
bus_6005,5,0.0
bus_6005,6,0.0
bus_6005,7,0.0
bus_6005,8,0.0
bus_6005,9,0.0
bus_6005,10,0.0
bus_6005,11,0.0
bus_6005,12,0.0
bus_6005,13,0.0
bus_6005,14,0.0
bus_6005,15,0.0
bus_6005,16,0.0
bus_6005,17,0.0
bus_6005,18,0.0
bus_6005,19,0.0
bus_6005,20,0.0
bus_6005,21,0.0
bus_6005,22,0.0
bus_6005,23,0.0
bus_6005,24,0.0
bus_6014,1,0.0
bus_6014,2,0.0
bus_6014,3,0.0
bus_6014,4,0.0
bus_6014,5,0.0
bus_6014,6,0.0
bus_6014,7,0.0
bus_6014,8,0.0
bus_6014,9,0.0
bus_6014,10,0.0
bus_6014,11,0.0
bus_6014,12,0.0
bus_6014,13,0.0
bus_6014,14,0.0
bus_6014,15,0.0
bus_6014,16,0.0
bus_6014,17,0.0
bus_6014,18,0.0
bus_6014,19,0.0
bus_6014,20,0.0
bus_6014,21,0.0
bus_6014,22,0.0
bus_6014,23,0.0
bus_6014,24,0.0
bus_6018,1,0.0
bus_6018,2,0.0
bus_6018,3,0.0
bus_6018,4,0.0
bus_6018,5,0.0
bus_6018,6,0.0
bus_6018,7,0.0
bus_6018,8,0.0
bus_6018,9,0.0
bus_6018,10,0.0
bus_6018,11,0.0
bus_6018,12,0.0
bus_6018,13,0.0
bus_6018,14,0.0
bus_6018,15,0.0
bus_6018,16,0.0
bus_6018,17,0.0
bus_6018,18,0.0
bus_6018,19,0.0
bus_6018,20,0.0
bus_6018,21,0.0
bus_6018,22,0.0
bus_6018,23,0.0
bus_6018,24,0.0
bus_6035,1,0.0
bus_6035,2,0.0
bus_6035,3,0.0
bus_6035,4,0.0
bus_6035,5,0.0
bus_6035,6,0.0
bus_6035,7,0.0
bus_6035,8,0.0
bus_6035,9,0.0
bus_6035,10,0.0
bus_6035,11,0.0
bus_6035,12,0.0
bus_6035,13,0.0
bus_6035,14,0.0
bus_6035,15,0.0
bus_6035,16,0.0
bus_6035,17,0.0
bus_6035,18,0.0
bus_6035,19,0.0
bus_6035,20,0.0
bus_6035,21,0.0
bus_6035,22,0.0
bus_6035,23,0.0
bus_6035,24,0.0
bus_6058,1,0.0
bus_6058,2,0.0
bus_6058,3,0.0
bus_6058,4,0.0
bus_6058,5,0.0
bus_6058,6,0.0
bus_6058,7,0.0
bus_6058,8,0.0
bus_6058,9,0.0
bus_6058,10,0.0
bus_6058,11,0.0
bus_6058,12,0.0
bus_6058,13,0.0
bus_6058,14,0.0
bus_6058,15,0.0
bus_6058,16,0.0
bus_6058,17,0.0
bus_6058,18,0.0
bus_6058,19,0.0
bus_6058,20,0.0
bus_6058,21,0.0
bus_6058,22,0.0
bus_6058,23,0.0
bus_6058,24,0.0
bus_6078,1,0.0
bus_6078,2,0.0
bus_6078,3,0.0
bus_6078,4,0.0
bus_6078,5,0.0
bus_6078,6,0.0
bus_6078,7,0.0
bus_6078,8,0.0
bus_6078,9,0.0
bus_6078,10,0.0
bus_6078,11,0.0
bus_6078,12,0.0
bus_6078,13,0.0
bus_6078,14,0.0
bus_6078,15,0.0
bus_6078,16,0.0
bus_6078,17,0.0
bus_6078,18,0.0
bus_6078,19,0.0
bus_6078,20,0.0
bus_6078,21,0.0
bus_6078,22,0.0
bus_6078,23,0.0
bus_6078,24,0.0
bus_6120,1,0.0
bus_6120,2,0.0
bus_6120,3,0.0
bus_6120,4,0.0
bus_6120,5,0.0
bus_6120,6,0.0
bus_6120,7,0.0
bus_6120,8,0.0
bus_6120,9,0.0
bus_6120,10,0.0
bus_6120,11,0.0
bus_6120,12,0.0
bus_6120,13,0.0
bus_6120,14,0.0
bus_6120,15,0.0
bus_6120,16,0.0
bus_6120,17,0.0
bus_6120,18,0.0
bus_6120,19,0.0
bus_6120,20,0.0
bus_6120,21,0.0
bus_6120,22,0.0
bus_6120,23,0.0
bus_6120,24,0.0
bus_6147,1,0.0
bus_6147,2,0.0
bus_6147,3,0.0
bus_6147,4,0.0
bus_6147,5,0.0
bus_6147,6,0.0
bus_6147,7,0.0
bus_6147,8,0.0
bus_6147,9,0.0
bus_6147,10,0.0
bus_6147,11,0.0
bus_6147,12,0.0
bus_6147,13,0.0
bus_6147,14,0.0
bus_6147,15,0.0
bus_6147,16,0.0
bus_6147,17,0.0
bus_6147,18,0.0
bus_6147,19,0.0
bus_6147,20,0.0
bus_6147,21,0.0
bus_6147,22,0.0
bus_6147,23,0.0
bus_6147,24,0.0
bus_6199,1,0.0
bus_6199,2,0.0
bus_6199,3,0.0
bus_6199,4,0.0
bus_6199,5,0.0
bus_6199,6,0.0
bus_6199,7,0.0
bus_6199,8,0.0
bus_6199,9,0.0
bus_6199,10,0.0
bus_6199,11,0.0
bus_6199,12,0.0
bus_6199,13,0.0
bus_6199,14,0.0
bus_6199,15,0.0
bus_6199,16,0.0
bus_6199,17,0.0
bus_6199,18,0.0
bus_6199,19,0.0
bus_6199,20,0.0
bus_6199,21,0.0
bus_6199,22,0.0
bus_6199,23,0.0
bus_6199,24,0.0
bus_6214,1,0.0
bus_6214,2,0.0
bus_6214,3,0.0
bus_6214,4,0.0
bus_6214,5,0.0
bus_6214,6,0.0
bus_6214,7,0.0
bus_6214,8,0.0
bus_6214,9,0.0
bus_6214,10,0.0
bus_6214,11,0.0
bus_6214,12,0.0
bus_6214,13,0.0
bus_6214,14,0.0
bus_6214,15,0.0
bus_6214,16,0.0
bus_6214,17,0.0
bus_6214,18,0.0
bus_6214,19,0.0
bus_6214,20,0.0
bus_6214,21,0.0
bus_6214,22,0.0
bus_6214,23,0.0
bus_6214,24,0.0
bus_6230,1,0.0
bus_6230,2,0.0
bus_6230,3,0.0
bus_6230,4,0.0
bus_6230,5,0.0
bus_6230,6,0.0
bus_6230,7,0.0
bus_6230,8,0.0
bus_6230,9,0.0
bus_6230,10,0.0
bus_6230,11,0.0
bus_6230,12,0.0
bus_6230,13,0.0
bus_6230,14,0.0
bus_6230,15,0.0
bus_6230,16,0.0
bus_6230,17,0.0
bus_6230,18,0.0
bus_6230,19,0.0
bus_6230,20,0.0
bus_6230,21,0.0
bus_6230,22,0.0
bus_6230,23,0.0
bus_6230,24,0.0
bus_6236,1,0.0
bus_6236,2,0.0
bus_6236,3,0.0
bus_6236,4,0.0
bus_6236,5,0.0
bus_6236,6,0.0
bus_6236,7,0.0
bus_6236,8,0.0
bus_6236,9,0.0
bus_6236,10,0.0
bus_6236,11,0.0
bus_6236,12,0.0
bus_6236,13,0.0
bus_6236,14,0.0
bus_6236,15,0.0
bus_6236,16,0.0
bus_6236,17,0.0
bus_6236,18,0.0
bus_6236,19,0.0
bus_6236,20,0.0
bus_6236,21,0.0
bus_6236,22,0.0
bus_6236,23,0.0
bus_6236,24,0.0
bus_6244,1,0.0
bus_6244,2,0.0
bus_6244,3,0.0
bus_6244,4,0.0
bus_6244,5,0.0
bus_6244,6,0.0
bus_6244,7,0.0
bus_6244,8,0.0
bus_6244,9,0.0
bus_6244,10,0.0
bus_6244,11,0.0
bus_6244,12,0.0
bus_6244,13,0.0
bus_6244,14,0.0
bus_6244,15,0.0
bus_6244,16,0.0
bus_6244,17,0.0
bus_6244,18,0.0
bus_6244,19,0.0
bus_6244,20,0.0
bus_6244,21,0.0
bus_6244,22,0.0
bus_6244,23,0.0
bus_6244,24,0.0
bus_6349,1,0.0
bus_6349,2,0.0
bus_6349,3,0.0
bus_6349,4,0.0
bus_6349,5,0.0
bus_6349,6,0.0
bus_6349,7,0.0
bus_6349,8,0.0
bus_6349,9,0.0
bus_6349,10,0.0
bus_6349,11,0.0
bus_6349,12,0.0
bus_6349,13,0.0
bus_6349,14,0.0
bus_6349,15,0.0
bus_6349,16,0.0
bus_6349,17,0.0
bus_6349,18,0.0
bus_6349,19,0.0
bus_6349,20,0.0
bus_6349,21,0.0
bus_6349,22,0.0
bus_6349,23,0.0
bus_6349,24,0.0
bus_7001,1,0.0
bus_7001,2,0.0
bus_7001,3,0.0
bus_7001,4,0.0
bus_7001,5,0.0
bus_7001,6,0.0
bus_7001,7,0.0
bus_7001,8,0.0
bus_7001,9,0.0
bus_7001,10,0.0
bus_7001,11,0.0
bus_7001,12,0.0
bus_7001,13,0.0
bus_7001,14,0.0
bus_7001,15,0.0
bus_7001,16,0.0
bus_7001,17,0.0
bus_7001,18,0.0
bus_7001,19,0.0
bus_7001,20,0.0
bus_7001,21,0.0
bus_7001,22,0.0
bus_7001,23,0.0
bus_7001,24,0.0
bus_7004,1,0.0
bus_7004,2,0.0
bus_7004,3,0.0
bus_7004,4,0.0
bus_7004,5,0.0
bus_7004,6,0.0
bus_7004,7,0.0
bus_7004,8,0.0
bus_7004,9,0.0
bus_7004,10,0.0
bus_7004,11,0.0
bus_7004,12,0.0
bus_7004,13,0.0
bus_7004,14,0.0
bus_7004,15,0.0
bus_7004,16,0.0
bus_7004,17,0.0
bus_7004,18,0.0
bus_7004,19,0.0
bus_7004,20,0.0
bus_7004,21,0.0
bus_7004,22,0.0
bus_7004,23,0.0
bus_7004,24,0.0
bus_7010,1,0.0
bus_7010,2,0.0
bus_7010,3,0.0
bus_7010,4,0.0
bus_7010,5,0.0
bus_7010,6,0.0
bus_7010,7,0.0
bus_7010,8,0.0
bus_7010,9,0.0
bus_7010,10,0.0
bus_7010,11,0.0
bus_7010,12,0.0
bus_7010,13,0.0
bus_7010,14,0.0
bus_7010,15,0.0
bus_7010,16,0.0
bus_7010,17,0.0
bus_7010,18,0.0
bus_7010,19,0.0
bus_7010,20,0.0
bus_7010,21,0.0
bus_7010,22,0.0
bus_7010,23,0.0
bus_7010,24,0.0
bus_7012,1,0.0
bus_7012,2,0.0
bus_7012,3,0.0
bus_7012,4,0.0
bus_7012,5,0.0
bus_7012,6,0.0
bus_7012,7,0.0
bus_7012,8,0.0
bus_7012,9,0.0
bus_7012,10,0.0
bus_7012,11,0.0
bus_7012,12,0.0
bus_7012,13,0.0
bus_7012,14,0.0
bus_7012,15,0.0
bus_7012,16,0.0
bus_7012,17,0.0
bus_7012,18,0.0
bus_7012,19,0.0
bus_7012,20,0.0
bus_7012,21,0.0
bus_7012,22,0.0
bus_7012,23,0.0
bus_7012,24,0.0
bus_7039,1,0.0
bus_7039,2,0.0
bus_7039,3,0.0
bus_7039,4,0.0
bus_7039,5,0.0
bus_7039,6,0.0
bus_7039,7,0.0
bus_7039,8,0.0
bus_7039,9,0.0
bus_7039,10,0.0
bus_7039,11,0.0
bus_7039,12,0.0
bus_7039,13,0.0
bus_7039,14,0.0
bus_7039,15,0.0
bus_7039,16,0.0
bus_7039,17,0.0
bus_7039,18,0.0
bus_7039,19,0.0
bus_7039,20,0.0
bus_7039,21,0.0
bus_7039,22,0.0
bus_7039,23,0.0
bus_7039,24,0.0
bus_7049,1,0.0
bus_7049,2,0.0
bus_7049,3,0.0
bus_7049,4,0.0
bus_7049,5,0.0
bus_7049,6,0.0
bus_7049,7,0.0
bus_7049,8,0.0
bus_7049,9,0.0
bus_7049,10,0.0
bus_7049,11,0.0
bus_7049,12,0.0
bus_7049,13,0.0
bus_7049,14,0.0
bus_7049,15,0.0
bus_7049,16,0.0
bus_7049,17,0.0
bus_7049,18,0.0
bus_7049,19,0.0
bus_7049,20,0.0
bus_7049,21,0.0
bus_7049,22,0.0
bus_7049,23,0.0
bus_7049,24,0.0
bus_7069,1,0.0
bus_7069,2,0.0
bus_7069,3,0.0
bus_7069,4,0.0
bus_7069,5,0.0
bus_7069,6,0.0
bus_7069,7,0.0
bus_7069,8,0.0
bus_7069,9,0.0
bus_7069,10,0.0
bus_7069,11,0.0
bus_7069,12,0.0
bus_7069,13,0.0
bus_7069,14,0.0
bus_7069,15,0.0
bus_7069,16,0.0
bus_7069,17,0.0
bus_7069,18,0.0
bus_7069,19,0.0
bus_7069,20,0.0
bus_7069,21,0.0
bus_7069,22,0.0
bus_7069,23,0.0
bus_7069,24,0.0
bus_7074,1,0.0
bus_7074,2,0.0
bus_7074,3,0.0
bus_7074,4,0.0
bus_7074,5,0.0
bus_7074,6,0.0
bus_7074,7,0.0
bus_7074,8,0.0
bus_7074,9,0.0
bus_7074,10,0.0
bus_7074,11,0.0
bus_7074,12,0.0
bus_7074,13,0.0
bus_7074,14,0.0
bus_7074,15,0.0
bus_7074,16,0.0
bus_7074,17,0.0
bus_7074,18,0.0
bus_7074,19,0.0
bus_7074,20,0.0
bus_7074,21,0.0
bus_7074,22,0.0
bus_7074,23,0.0
bus_7074,24,0.0
bus_7084,1,0.0
bus_7084,2,0.0
bus_7084,3,0.0
bus_7084,4,0.0
bus_7084,5,0.0
bus_7084,6,0.0
bus_7084,7,0.0
bus_7084,8,0.0
bus_7084,9,0.0
bus_7084,10,0.0
bus_7084,11,0.0
bus_7084,12,0.0
bus_7084,13,0.0
bus_7084,14,0.0
bus_7084,15,0.0
bus_7084,16,0.0
bus_7084,17,0.0
bus_7084,18,0.0
bus_7084,19,0.0
bus_7084,20,0.0
bus_7084,21,0.0
bus_7084,22,0.0
bus_7084,23,0.0
bus_7084,24,0.0
bus_7091,1,0.0
bus_7091,2,0.0
bus_7091,3,0.0
bus_7091,4,0.0
bus_7091,5,0.0
bus_7091,6,0.0
bus_7091,7,0.0
bus_7091,8,0.0
bus_7091,9,0.0
bus_7091,10,0.0
bus_7091,11,0.0
bus_7091,12,0.0
bus_7091,13,0.0
bus_7091,14,0.0
bus_7091,15,0.0
bus_7091,16,0.0
bus_7091,17,0.0
bus_7091,18,0.0
bus_7091,19,0.0
bus_7091,20,0.0
bus_7091,21,0.0
bus_7091,22,0.0
bus_7091,23,0.0
bus_7091,24,0.0
bus_7098,1,0.0
bus_7098,2,0.0
bus_7098,3,0.0
bus_7098,4,0.0
bus_7098,5,0.0
bus_7098,6,0.0
bus_7098,7,0.0
bus_7098,8,0.0
bus_7098,9,0.0
bus_7098,10,0.0
bus_7098,11,0.0
bus_7098,12,0.0
bus_7098,13,0.0
bus_7098,14,0.0
bus_7098,15,0.0
bus_7098,16,0.0
bus_7098,17,0.0
bus_7098,18,0.0
bus_7098,19,0.0
bus_7098,20,0.0
bus_7098,21,0.0
bus_7098,22,0.0
bus_7098,23,0.0
bus_7098,24,0.0
bus_7101,1,0.0
bus_7101,2,0.0
bus_7101,3,0.0
bus_7101,4,0.0
bus_7101,5,0.0
bus_7101,6,0.0
bus_7101,7,0.0
bus_7101,8,0.0
bus_7101,9,0.0
bus_7101,10,0.0
bus_7101,11,0.0
bus_7101,12,0.0
bus_7101,13,0.0
bus_7101,14,0.0
bus_7101,15,0.0
bus_7101,16,0.0
bus_7101,17,0.0
bus_7101,18,0.0
bus_7101,19,0.0
bus_7101,20,0.0
bus_7101,21,0.0
bus_7101,22,0.0
bus_7101,23,0.0
bus_7101,24,0.0
bus_7127,1,0.0
bus_7127,2,0.0
bus_7127,3,0.0
bus_7127,4,0.0
bus_7127,5,0.0
bus_7127,6,0.0
bus_7127,7,0.0
bus_7127,8,0.0
bus_7127,9,0.0
bus_7127,10,0.0
bus_7127,11,0.0
bus_7127,12,0.0
bus_7127,13,0.0
bus_7127,14,0.0
bus_7127,15,0.0
bus_7127,16,0.0
bus_7127,17,0.0
bus_7127,18,0.0
bus_7127,19,0.0
bus_7127,20,0.0
bus_7127,21,0.0
bus_7127,22,0.0
bus_7127,23,0.0
bus_7127,24,0.0
bus_7138,1,0.0
bus_7138,2,0.0
bus_7138,3,0.0
bus_7138,4,0.0
bus_7138,5,0.0
bus_7138,6,0.0
bus_7138,7,0.0
bus_7138,8,0.0
bus_7138,9,0.0
bus_7138,10,0.0
bus_7138,11,0.0
bus_7138,12,0.0
bus_7138,13,0.0
bus_7138,14,0.0
bus_7138,15,0.0
bus_7138,16,0.0
bus_7138,17,0.0
bus_7138,18,0.0
bus_7138,19,0.0
bus_7138,20,0.0
bus_7138,21,0.0
bus_7138,22,0.0
bus_7138,23,0.0
bus_7138,24,0.0
bus_7170,1,0.0
bus_7170,2,0.0
bus_7170,3,0.0
bus_7170,4,0.0
bus_7170,5,0.0
bus_7170,6,0.0
bus_7170,7,0.0
bus_7170,8,0.0
bus_7170,9,0.0
bus_7170,10,0.0
bus_7170,11,0.0
bus_7170,12,0.0
bus_7170,13,0.0
bus_7170,14,0.0
bus_7170,15,0.0
bus_7170,16,0.0
bus_7170,17,0.0
bus_7170,18,0.0
bus_7170,19,0.0
bus_7170,20,0.0
bus_7170,21,0.0
bus_7170,22,0.0
bus_7170,23,0.0
bus_7170,24,0.0
bus_7177,1,0.0
bus_7177,2,0.0
bus_7177,3,0.0
bus_7177,4,0.0
bus_7177,5,0.0
bus_7177,6,0.0
bus_7177,7,0.0
bus_7177,8,0.0
bus_7177,9,0.0
bus_7177,10,0.0
bus_7177,11,0.0
bus_7177,12,0.0
bus_7177,13,0.0
bus_7177,14,0.0
bus_7177,15,0.0
bus_7177,16,0.0
bus_7177,17,0.0
bus_7177,18,0.0
bus_7177,19,0.0
bus_7177,20,0.0
bus_7177,21,0.0
bus_7177,22,0.0
bus_7177,23,0.0
bus_7177,24,0.0
bus_7185,1,0.0
bus_7185,2,0.0
bus_7185,3,0.0
bus_7185,4,0.0
bus_7185,5,0.0
bus_7185,6,0.0
bus_7185,7,0.0
bus_7185,8,0.0
bus_7185,9,0.0
bus_7185,10,0.0
bus_7185,11,0.0
bus_7185,12,0.0
bus_7185,13,0.0
bus_7185,14,0.0
bus_7185,15,0.0
bus_7185,16,0.0
bus_7185,17,0.0
bus_7185,18,0.0
bus_7185,19,0.0
bus_7185,20,0.0
bus_7185,21,0.0
bus_7185,22,0.0
bus_7185,23,0.0
bus_7185,24,0.0
bus_7201,1,0.0
bus_7201,2,0.0
bus_7201,3,0.0
bus_7201,4,0.0
bus_7201,5,0.0
bus_7201,6,0.0
bus_7201,7,0.0
bus_7201,8,0.0
bus_7201,9,0.0
bus_7201,10,0.0
bus_7201,11,0.0
bus_7201,12,0.0
bus_7201,13,0.0
bus_7201,14,0.0
bus_7201,15,0.0
bus_7201,16,0.0
bus_7201,17,0.0
bus_7201,18,0.0
bus_7201,19,0.0
bus_7201,20,0.0
bus_7201,21,0.0
bus_7201,22,0.0
bus_7201,23,0.0
bus_7201,24,0.0
bus_7208,1,0.0
bus_7208,2,0.0
bus_7208,3,0.0
bus_7208,4,0.0
bus_7208,5,0.0
bus_7208,6,0.0
bus_7208,7,0.0
bus_7208,8,0.0
bus_7208,9,0.0
bus_7208,10,0.0
bus_7208,11,0.0
bus_7208,12,0.0
bus_7208,13,0.0
bus_7208,14,0.0
bus_7208,15,0.0
bus_7208,16,0.0
bus_7208,17,0.0
bus_7208,18,0.0
bus_7208,19,0.0
bus_7208,20,0.0
bus_7208,21,0.0
bus_7208,22,0.0
bus_7208,23,0.0
bus_7208,24,0.0
bus_7221,1,0.0
bus_7221,2,0.0
bus_7221,3,0.0
bus_7221,4,0.0
bus_7221,5,0.0
bus_7221,6,0.0
bus_7221,7,0.0
bus_7221,8,0.0
bus_7221,9,0.0
bus_7221,10,0.0
bus_7221,11,0.0
bus_7221,12,0.0
bus_7221,13,0.0
bus_7221,14,0.0
bus_7221,15,0.0
bus_7221,16,0.0
bus_7221,17,0.0
bus_7221,18,0.0
bus_7221,19,0.0
bus_7221,20,0.0
bus_7221,21,0.0
bus_7221,22,0.0
bus_7221,23,0.0
bus_7221,24,0.0
bus_7229,1,0.0
bus_7229,2,0.0
bus_7229,3,0.0
bus_7229,4,0.0
bus_7229,5,0.0
bus_7229,6,0.0
bus_7229,7,0.0
bus_7229,8,0.0
bus_7229,9,0.0
bus_7229,10,0.0
bus_7229,11,0.0
bus_7229,12,0.0
bus_7229,13,0.0
bus_7229,14,0.0
bus_7229,15,0.0
bus_7229,16,0.0
bus_7229,17,0.0
bus_7229,18,0.0
bus_7229,19,0.0
bus_7229,20,0.0
bus_7229,21,0.0
bus_7229,22,0.0
bus_7229,23,0.0
bus_7229,24,0.0
bus_7246,1,0.0
bus_7246,2,0.0
bus_7246,3,0.0
bus_7246,4,0.0
bus_7246,5,0.0
bus_7246,6,0.0
bus_7246,7,0.0
bus_7246,8,0.0
bus_7246,9,0.0
bus_7246,10,0.0
bus_7246,11,0.0
bus_7246,12,0.0
bus_7246,13,0.0
bus_7246,14,0.0
bus_7246,15,0.0
bus_7246,16,0.0
bus_7246,17,0.0
bus_7246,18,0.0
bus_7246,19,0.0
bus_7246,20,0.0
bus_7246,21,0.0
bus_7246,22,0.0
bus_7246,23,0.0
bus_7246,24,0.0
bus_7248,1,0.0
bus_7248,2,0.0
bus_7248,3,0.0
bus_7248,4,0.0
bus_7248,5,0.0
bus_7248,6,0.0
bus_7248,7,0.0
bus_7248,8,0.0
bus_7248,9,0.0
bus_7248,10,0.0
bus_7248,11,0.0
bus_7248,12,0.0
bus_7248,13,0.0
bus_7248,14,0.0
bus_7248,15,0.0
bus_7248,16,0.0
bus_7248,17,0.0
bus_7248,18,0.0
bus_7248,19,0.0
bus_7248,20,0.0
bus_7248,21,0.0
bus_7248,22,0.0
bus_7248,23,0.0
bus_7248,24,0.0
bus_7330,1,0.0
bus_7330,2,0.0
bus_7330,3,0.0
bus_7330,4,0.0
bus_7330,5,0.0
bus_7330,6,0.0
bus_7330,7,0.0
bus_7330,8,0.0
bus_7330,9,0.0
bus_7330,10,0.0
bus_7330,11,0.0
bus_7330,12,0.0
bus_7330,13,0.0
bus_7330,14,0.0
bus_7330,15,0.0
bus_7330,16,0.0
bus_7330,17,0.0
bus_7330,18,0.0
bus_7330,19,0.0
bus_7330,20,0.0
bus_7330,21,0.0
bus_7330,22,0.0
bus_7330,23,0.0
bus_7330,24,0.0
bus_7343,1,0.0
bus_7343,2,0.0
bus_7343,3,0.0
bus_7343,4,0.0
bus_7343,5,0.0
bus_7343,6,0.0
bus_7343,7,0.0
bus_7343,8,0.0
bus_7343,9,0.0
bus_7343,10,0.0
bus_7343,11,0.0
bus_7343,12,0.0
bus_7343,13,0.0
bus_7343,14,0.0
bus_7343,15,0.0
bus_7343,16,0.0
bus_7343,17,0.0
bus_7343,18,0.0
bus_7343,19,0.0
bus_7343,20,0.0
bus_7343,21,0.0
bus_7343,22,0.0
bus_7343,23,0.0
bus_7343,24,0.0
bus_7353,1,0.0
bus_7353,2,0.0
bus_7353,3,0.0
bus_7353,4,0.0
bus_7353,5,0.0
bus_7353,6,0.0
bus_7353,7,0.0
bus_7353,8,0.0
bus_7353,9,0.0
bus_7353,10,0.0
bus_7353,11,0.0
bus_7353,12,0.0
bus_7353,13,0.0
bus_7353,14,0.0
bus_7353,15,0.0
bus_7353,16,0.0
bus_7353,17,0.0
bus_7353,18,0.0
bus_7353,19,0.0
bus_7353,20,0.0
bus_7353,21,0.0
bus_7353,22,0.0
bus_7353,23,0.0
bus_7353,24,0.0
bus_7375,1,0.0
bus_7375,2,0.0
bus_7375,3,0.0
bus_7375,4,0.0
bus_7375,5,0.0
bus_7375,6,0.0
bus_7375,7,0.0
bus_7375,8,0.0
bus_7375,9,0.0
bus_7375,10,0.0
bus_7375,11,0.0
bus_7375,12,0.0
bus_7375,13,0.0
bus_7375,14,0.0
bus_7375,15,0.0
bus_7375,16,0.0
bus_7375,17,0.0
bus_7375,18,0.0
bus_7375,19,0.0
bus_7375,20,0.0
bus_7375,21,0.0
bus_7375,22,0.0
bus_7375,23,0.0
bus_7375,24,0.0
bus_7404,1,0.0
bus_7404,2,0.0
bus_7404,3,0.0
bus_7404,4,0.0
bus_7404,5,0.0
bus_7404,6,0.0
bus_7404,7,0.0
bus_7404,8,0.0
bus_7404,9,0.0
bus_7404,10,0.0
bus_7404,11,0.0
bus_7404,12,0.0
bus_7404,13,0.0
bus_7404,14,0.0
bus_7404,15,0.0
bus_7404,16,0.0
bus_7404,17,0.0
bus_7404,18,0.0
bus_7404,19,0.0
bus_7404,20,0.0
bus_7404,21,0.0
bus_7404,22,0.0
bus_7404,23,0.0
bus_7404,24,0.0
bus_7410,1,0.0
bus_7410,2,0.0
bus_7410,3,0.0
bus_7410,4,0.0
bus_7410,5,0.0
bus_7410,6,0.0
bus_7410,7,0.0
bus_7410,8,0.0
bus_7410,9,0.0
bus_7410,10,0.0
bus_7410,11,0.0
bus_7410,12,0.0
bus_7410,13,0.0
bus_7410,14,0.0
bus_7410,15,0.0
bus_7410,16,0.0
bus_7410,17,0.0
bus_7410,18,0.0
bus_7410,19,0.0
bus_7410,20,0.0
bus_7410,21,0.0
bus_7410,22,0.0
bus_7410,23,0.0
bus_7410,24,0.0
bus_7422,1,0.0
bus_7422,2,0.0
bus_7422,3,0.0
bus_7422,4,0.0
bus_7422,5,0.0
bus_7422,6,0.0
bus_7422,7,0.0
bus_7422,8,0.0
bus_7422,9,0.0
bus_7422,10,0.0
bus_7422,11,0.0
bus_7422,12,0.0
bus_7422,13,0.0
bus_7422,14,0.0
bus_7422,15,0.0
bus_7422,16,0.0
bus_7422,17,0.0
bus_7422,18,0.0
bus_7422,19,0.0
bus_7422,20,0.0
bus_7422,21,0.0
bus_7422,22,0.0
bus_7422,23,0.0
bus_7422,24,0.0
bus_7428,1,0.0
bus_7428,2,0.0
bus_7428,3,0.0
bus_7428,4,0.0
bus_7428,5,0.0
bus_7428,6,0.0
bus_7428,7,0.0
bus_7428,8,0.0
bus_7428,9,0.0
bus_7428,10,0.0
bus_7428,11,0.0
bus_7428,12,0.0
bus_7428,13,0.0
bus_7428,14,0.0
bus_7428,15,0.0
bus_7428,16,0.0
bus_7428,17,0.0
bus_7428,18,0.0
bus_7428,19,0.0
bus_7428,20,0.0
bus_7428,21,0.0
bus_7428,22,0.0
bus_7428,23,0.0
bus_7428,24,0.0
bus_8001,1,0.0
bus_8001,2,0.0
bus_8001,3,0.0
bus_8001,4,0.0
bus_8001,5,0.0
bus_8001,6,0.0
bus_8001,7,0.0
bus_8001,8,0.0
bus_8001,9,0.0
bus_8001,10,0.0
bus_8001,11,0.0
bus_8001,12,0.0
bus_8001,13,0.0
bus_8001,14,0.0
bus_8001,15,0.0
bus_8001,16,0.0
bus_8001,17,0.0
bus_8001,18,0.0
bus_8001,19,0.0
bus_8001,20,0.0
bus_8001,21,0.0
bus_8001,22,0.0
bus_8001,23,0.0
bus_8001,24,0.0
bus_8002,1,0.0
bus_8002,2,0.0
bus_8002,3,0.0
bus_8002,4,0.0
bus_8002,5,0.0
bus_8002,6,0.0
bus_8002,7,0.0
bus_8002,8,0.0
bus_8002,9,0.0
bus_8002,10,0.0
bus_8002,11,0.0
bus_8002,12,0.0
bus_8002,13,0.0
bus_8002,14,0.0
bus_8002,15,0.0
bus_8002,16,0.0
bus_8002,17,0.0
bus_8002,18,0.0
bus_8002,19,0.0
bus_8002,20,0.0
bus_8002,21,0.0
bus_8002,22,0.0
bus_8002,23,0.0
bus_8002,24,0.0
bus_8060,1,0.0
bus_8060,2,0.0
bus_8060,3,0.0
bus_8060,4,0.0
bus_8060,5,0.0
bus_8060,6,0.0
bus_8060,7,0.0
bus_8060,8,0.0
bus_8060,9,0.0
bus_8060,10,0.0
bus_8060,11,0.0
bus_8060,12,0.0
bus_8060,13,0.0
bus_8060,14,0.0
bus_8060,15,0.0
bus_8060,16,0.0
bus_8060,17,0.0
bus_8060,18,0.0
bus_8060,19,0.0
bus_8060,20,0.0
bus_8060,21,0.0
bus_8060,22,0.0
bus_8060,23,0.0
bus_8060,24,0.0
bus_8070,1,0.0
bus_8070,2,0.0
bus_8070,3,0.0
bus_8070,4,0.0
bus_8070,5,0.0
bus_8070,6,0.0
bus_8070,7,0.0
bus_8070,8,0.0
bus_8070,9,0.0
bus_8070,10,0.0
bus_8070,11,0.0
bus_8070,12,0.0
bus_8070,13,0.0
bus_8070,14,0.0
bus_8070,15,0.0
bus_8070,16,0.0
bus_8070,17,0.0
bus_8070,18,0.0
bus_8070,19,0.0
bus_8070,20,0.0
bus_8070,21,0.0
bus_8070,22,0.0
bus_8070,23,0.0
bus_8070,24,0.0
bus_8087,1,0.0
bus_8087,2,0.0
bus_8087,3,0.0
bus_8087,4,0.0
bus_8087,5,0.0
bus_8087,6,0.0
bus_8087,7,0.0
bus_8087,8,0.0
bus_8087,9,0.0
bus_8087,10,0.0
bus_8087,11,0.0
bus_8087,12,0.0
bus_8087,13,0.0
bus_8087,14,0.0
bus_8087,15,0.0
bus_8087,16,0.0
bus_8087,17,0.0
bus_8087,18,0.0
bus_8087,19,0.0
bus_8087,20,0.0
bus_8087,21,0.0
bus_8087,22,0.0
bus_8087,23,0.0
bus_8087,24,0.0
bus_8129,1,0.0
bus_8129,2,0.0
bus_8129,3,0.0
bus_8129,4,0.0
bus_8129,5,0.0
bus_8129,6,0.0
bus_8129,7,0.0
bus_8129,8,0.0
bus_8129,9,0.0
bus_8129,10,0.0
bus_8129,11,0.0
bus_8129,12,0.0
bus_8129,13,0.0
bus_8129,14,0.0
bus_8129,15,0.0
bus_8129,16,0.0
bus_8129,17,0.0
bus_8129,18,0.0
bus_8129,19,0.0
bus_8129,20,0.0
bus_8129,21,0.0
bus_8129,22,0.0
bus_8129,23,0.0
bus_8129,24,0.0
bus_8140,1,0.0
bus_8140,2,0.0
bus_8140,3,0.0
bus_8140,4,0.0
bus_8140,5,0.0
bus_8140,6,0.0
bus_8140,7,0.0
bus_8140,8,0.0
bus_8140,9,0.0
bus_8140,10,0.0
bus_8140,11,0.0
bus_8140,12,0.0
bus_8140,13,0.0
bus_8140,14,0.0
bus_8140,15,0.0
bus_8140,16,0.0
bus_8140,17,0.0
bus_8140,18,0.0
bus_8140,19,0.0
bus_8140,20,0.0
bus_8140,21,0.0
bus_8140,22,0.0
bus_8140,23,0.0
bus_8140,24,0.0
bus_1001,25,0.0
bus_1001,26,0.0
bus_1001,27,0.0
bus_1001,28,0.0
bus_1001,29,0.0
bus_1001,30,0.0
bus_1001,31,0.0
bus_1001,32,0.0
bus_1001,33,0.0
bus_1001,34,0.0
bus_1001,35,0.0
bus_1001,36,0.0
bus_1001,37,0.0
bus_1001,38,0.0
bus_1001,39,0.0
bus_1001,40,0.0
bus_1001,41,0.0
bus_1001,42,0.0
bus_1001,43,0.0
bus_1001,44,0.0
bus_1001,45,0.0
bus_1001,46,0.0
bus_1001,47,0.0
bus_1001,48,0.0
bus_1081,25,0.0
bus_1081,26,0.0
bus_1081,27,0.0
bus_1081,28,0.0
bus_1081,29,0.0
bus_1081,30,0.0
bus_1081,31,0.0
bus_1081,32,0.0
bus_1081,33,0.0
bus_1081,34,0.0
bus_1081,35,0.0
bus_1081,36,0.0
bus_1081,37,0.0
bus_1081,38,0.0
bus_1081,39,0.0
bus_1081,40,0.0
bus_1081,41,0.0
bus_1081,42,0.0
bus_1081,43,0.0
bus_1081,44,0.0
bus_1081,45,0.0
bus_1081,46,0.0
bus_1081,47,0.0
bus_1081,48,0.0
bus_2001,25,0.0
bus_2001,26,0.0
bus_2001,27,0.0
bus_2001,28,0.0
bus_2001,29,0.0
bus_2001,30,0.0
bus_2001,31,0.0
bus_2001,32,0.0
bus_2001,33,0.0
bus_2001,34,0.0
bus_2001,35,0.0
bus_2001,36,0.0
bus_2001,37,0.0
bus_2001,38,0.0
bus_2001,39,0.0
bus_2001,40,0.0
bus_2001,41,0.0
bus_2001,42,0.0
bus_2001,43,0.0
bus_2001,44,0.0
bus_2001,45,0.0
bus_2001,46,0.0
bus_2001,47,0.0
bus_2001,48,0.0
bus_2008,25,0.0
bus_2008,26,0.0
bus_2008,27,0.0
bus_2008,28,0.0
bus_2008,29,0.0
bus_2008,30,0.0
bus_2008,31,0.0
bus_2008,32,0.0
bus_2008,33,4.09091258089245
bus_2008,34,40.568430393
bus_2008,35,47.16326325987521
bus_2008,36,83.10379829197132
bus_2008,37,133.67372743143582
bus_2008,38,114.30832273865332
bus_2008,39,119.08618756299524
bus_2008,40,79.39006098655594
bus_2008,41,52.06800145599175
bus_2008,42,80.485421719799
bus_2008,43,106.44886436798777
bus_2008,44,132.28226344307984
bus_2008,45,165.17981833166286
bus_2008,46,165.70580480211768
bus_2008,47,128.55245240164209
bus_2008,48,115.49715801939587
bus_3002,25,0.0
bus_3002,26,0.0
bus_3002,27,0.0
bus_3002,28,0.0
bus_3002,29,0.0
bus_3002,30,0.0
bus_3002,31,0.0
bus_3002,32,0.0
bus_3002,33,0.0
bus_3002,34,0.0
bus_3002,35,0.0
bus_3002,36,0.0
bus_3002,37,0.0
bus_3002,38,0.0
bus_3002,39,0.0
bus_3002,40,0.0
bus_3002,41,0.0
bus_3002,42,0.0
bus_3002,43,0.0
bus_3002,44,0.0
bus_3002,45,0.0
bus_3002,46,0.0
bus_3002,47,0.0
bus_3002,48,0.0
bus_3006,25,0.0
bus_3006,26,0.0
bus_3006,27,0.0
bus_3006,28,0.0
bus_3006,29,0.0
bus_3006,30,0.0
bus_3006,31,0.0
bus_3006,32,0.0
bus_3006,33,0.0
bus_3006,34,0.0
bus_3006,35,0.0
bus_3006,36,0.0
bus_3006,37,0.0
bus_3006,38,0.0
bus_3006,39,0.0
bus_3006,40,0.0
bus_3006,41,0.0
bus_3006,42,0.0
bus_3006,43,0.0
bus_3006,44,0.0
bus_3006,45,0.0
bus_3006,46,0.0
bus_3006,47,0.0
bus_3006,48,0.0
bus_4002,25,0.0
bus_4002,26,0.0
bus_4002,27,0.0
bus_4002,28,0.0
bus_4002,29,0.0
bus_4002,30,0.0
bus_4002,31,0.0
bus_4002,32,0.0
bus_4002,33,0.0
bus_4002,34,0.0
bus_4002,35,0.0
bus_4002,36,0.0
bus_4002,37,0.0
bus_4002,38,0.0
bus_4002,39,0.0
bus_4002,40,0.0
bus_4002,41,0.0
bus_4002,42,0.0
bus_4002,43,0.0
bus_4002,44,0.0
bus_4002,45,0.0
bus_4002,46,0.0
bus_4002,47,0.0
bus_4002,48,0.0
bus_4003,25,0.0
bus_4003,26,0.0
bus_4003,27,0.0
bus_4003,28,0.0
bus_4003,29,0.0
bus_4003,30,0.0
bus_4003,31,0.0
bus_4003,32,0.0
bus_4003,33,0.0
bus_4003,34,0.0
bus_4003,35,0.0
bus_4003,36,0.0
bus_4003,37,0.0
bus_4003,38,0.0
bus_4003,39,0.0
bus_4003,40,0.0
bus_4003,41,0.0
bus_4003,42,0.0
bus_4003,43,0.0
bus_4003,44,0.0
bus_4003,45,0.0
bus_4003,46,0.0
bus_4003,47,0.0
bus_4003,48,0.0
bus_4007,25,0.0
bus_4007,26,0.0
bus_4007,27,0.0
bus_4007,28,0.0
bus_4007,29,0.0
bus_4007,30,0.0
bus_4007,31,0.0
bus_4007,32,0.0
bus_4007,33,0.0
bus_4007,34,0.0
bus_4007,35,0.0
bus_4007,36,0.0
bus_4007,37,0.0
bus_4007,38,0.0
bus_4007,39,0.0
bus_4007,40,0.0
bus_4007,41,0.0
bus_4007,42,0.0
bus_4007,43,0.0
bus_4007,44,0.0
bus_4007,45,0.0
bus_4007,46,0.0
bus_4007,47,0.0
bus_4007,48,0.0
bus_4017,25,0.0
bus_4017,26,0.0
bus_4017,27,0.0
bus_4017,28,0.0
bus_4017,29,0.0
bus_4017,30,0.0
bus_4017,31,0.0
bus_4017,32,0.0
bus_4017,33,0.0
bus_4017,34,0.0
bus_4017,35,0.0
bus_4017,36,0.0
bus_4017,37,0.0
bus_4017,38,0.0
bus_4017,39,0.0
bus_4017,40,0.0
bus_4017,41,0.0
bus_4017,42,0.0
bus_4017,43,0.0
bus_4017,44,0.0
bus_4017,45,0.0
bus_4017,46,0.0
bus_4017,47,0.0
bus_4017,48,0.0
bus_4040,25,0.0
bus_4040,26,0.0
bus_4040,27,0.0
bus_4040,28,0.0
bus_4040,29,0.0
bus_4040,30,0.0
bus_4040,31,0.0
bus_4040,32,0.0
bus_4040,33,0.0
bus_4040,34,0.0
bus_4040,35,0.0
bus_4040,36,0.0
bus_4040,37,0.0
bus_4040,38,0.0
bus_4040,39,0.0
bus_4040,40,0.0
bus_4040,41,0.0
bus_4040,42,0.0
bus_4040,43,0.0
bus_4040,44,0.0
bus_4040,45,0.0
bus_4040,46,0.0
bus_4040,47,0.0
bus_4040,48,0.0
bus_4042,25,0.0
bus_4042,26,0.0
bus_4042,27,0.0
bus_4042,28,0.0
bus_4042,29,0.0
bus_4042,30,0.0
bus_4042,31,0.0
bus_4042,32,0.0
bus_4042,33,0.0
bus_4042,34,0.0
bus_4042,35,0.0
bus_4042,36,0.0
bus_4042,37,0.0
bus_4042,38,0.0
bus_4042,39,0.0
bus_4042,40,0.0
bus_4042,41,0.0
bus_4042,42,0.0
bus_4042,43,0.0
bus_4042,44,0.0
bus_4042,45,0.0
bus_4042,46,0.0
bus_4042,47,0.0
bus_4042,48,0.0
bus_4066,25,0.0
bus_4066,26,0.0
bus_4066,27,0.0
bus_4066,28,0.0
bus_4066,29,0.0
bus_4066,30,0.0
bus_4066,31,0.0
bus_4066,32,0.0
bus_4066,33,0.0
bus_4066,34,0.0
bus_4066,35,0.0
bus_4066,36,0.0
bus_4066,37,0.0
bus_4066,38,0.0
bus_4066,39,0.0
bus_4066,40,0.0
bus_4066,41,0.0
bus_4066,42,0.0
bus_4066,43,0.0
bus_4066,44,0.0
bus_4066,45,0.0
bus_4066,46,0.0
bus_4066,47,0.0
bus_4066,48,0.0
bus_4071,25,0.0
bus_4071,26,0.0
bus_4071,27,0.0
bus_4071,28,0.0
bus_4071,29,0.0
bus_4071,30,0.0
bus_4071,31,0.0
bus_4071,32,0.0
bus_4071,33,0.0
bus_4071,34,0.0
bus_4071,35,0.0
bus_4071,36,0.0
bus_4071,37,0.0
bus_4071,38,0.0
bus_4071,39,0.0
bus_4071,40,0.0
bus_4071,41,0.0
bus_4071,42,0.0
bus_4071,43,0.0
bus_4071,44,0.0
bus_4071,45,0.0
bus_4071,46,0.0
bus_4071,47,0.0
bus_4071,48,0.0
bus_4079,25,0.0
bus_4079,26,0.0
bus_4079,27,0.0
bus_4079,28,0.0
bus_4079,29,0.0
bus_4079,30,0.0
bus_4079,31,0.0
bus_4079,32,0.0
bus_4079,33,0.0
bus_4079,34,0.0
bus_4079,35,0.0
bus_4079,36,0.0
bus_4079,37,0.0
bus_4079,38,0.0
bus_4079,39,0.0
bus_4079,40,0.0
bus_4079,41,0.0
bus_4079,42,0.0
bus_4079,43,0.0
bus_4079,44,0.0
bus_4079,45,0.0
bus_4079,46,0.0
bus_4079,47,0.0
bus_4079,48,0.0
bus_4085,25,0.0
bus_4085,26,0.0
bus_4085,27,0.0
bus_4085,28,0.0
bus_4085,29,0.0
bus_4085,30,0.0
bus_4085,31,0.0
bus_4085,32,0.0
bus_4085,33,0.0
bus_4085,34,0.0
bus_4085,35,0.0
bus_4085,36,0.0
bus_4085,37,0.0
bus_4085,38,0.0
bus_4085,39,0.0
bus_4085,40,0.0
bus_4085,41,0.0
bus_4085,42,0.0
bus_4085,43,0.0
bus_4085,44,0.0
bus_4085,45,0.0
bus_4085,46,0.0
bus_4085,47,0.0
bus_4085,48,0.0
bus_4088,25,0.0
bus_4088,26,0.0
bus_4088,27,0.0
bus_4088,28,0.0
bus_4088,29,0.0
bus_4088,30,0.0
bus_4088,31,0.0
bus_4088,32,0.0
bus_4088,33,0.0
bus_4088,34,0.0
bus_4088,35,0.0
bus_4088,36,0.0
bus_4088,37,0.0
bus_4088,38,0.0
bus_4088,39,0.0
bus_4088,40,0.0
bus_4088,41,0.0
bus_4088,42,0.0
bus_4088,43,0.0
bus_4088,44,0.0
bus_4088,45,0.0
bus_4088,46,0.0
bus_4088,47,0.0
bus_4088,48,0.0
bus_4103,25,0.0
bus_4103,26,0.0
bus_4103,27,0.0
bus_4103,28,0.0
bus_4103,29,0.0
bus_4103,30,0.0
bus_4103,31,0.0
bus_4103,32,0.0
bus_4103,33,0.0
bus_4103,34,0.0
bus_4103,35,0.0
bus_4103,36,0.0
bus_4103,37,0.0
bus_4103,38,0.0
bus_4103,39,0.0
bus_4103,40,0.0
bus_4103,41,0.0
bus_4103,42,0.0
bus_4103,43,0.0
bus_4103,44,0.0
bus_4103,45,0.0
bus_4103,46,0.0
bus_4103,47,0.0
bus_4103,48,0.0
bus_4147,25,0.0
bus_4147,26,0.0
bus_4147,27,0.0
bus_4147,28,0.0
bus_4147,29,0.0
bus_4147,30,0.0
bus_4147,31,0.0
bus_4147,32,0.0
bus_4147,33,0.0
bus_4147,34,0.0
bus_4147,35,0.0
bus_4147,36,0.0
bus_4147,37,0.0
bus_4147,38,0.0
bus_4147,39,0.0
bus_4147,40,0.0
bus_4147,41,0.0
bus_4147,42,0.0
bus_4147,43,0.0
bus_4147,44,0.0
bus_4147,45,0.0
bus_4147,46,0.0
bus_4147,47,0.0
bus_4147,48,0.0
bus_4192,25,0.0
bus_4192,26,0.0
bus_4192,27,0.0
bus_4192,28,0.0
bus_4192,29,0.0
bus_4192,30,0.0
bus_4192,31,0.0
bus_4192,32,0.0
bus_4192,33,0.0
bus_4192,34,0.0
bus_4192,35,0.0
bus_4192,36,0.0
bus_4192,37,0.0
bus_4192,38,0.0
bus_4192,39,0.0
bus_4192,40,0.0
bus_4192,41,0.0
bus_4192,42,0.0
bus_4192,43,0.0
bus_4192,44,0.0
bus_4192,45,0.0
bus_4192,46,0.0
bus_4192,47,0.0
bus_4192,48,0.0
bus_5003,25,0.0
bus_5003,26,0.0
bus_5003,27,0.0
bus_5003,28,0.0
bus_5003,29,0.0
bus_5003,30,0.0
bus_5003,31,0.0
bus_5003,32,0.0
bus_5003,33,0.0
bus_5003,34,0.0
bus_5003,35,0.0
bus_5003,36,0.0
bus_5003,37,0.0
bus_5003,38,0.0
bus_5003,39,0.0
bus_5003,40,0.0
bus_5003,41,0.0
bus_5003,42,0.0
bus_5003,43,0.0
bus_5003,44,0.0
bus_5003,45,0.0
bus_5003,46,0.0
bus_5003,47,0.0
bus_5003,48,0.0
bus_5004,25,0.0
bus_5004,26,0.0
bus_5004,27,0.0
bus_5004,28,0.0
bus_5004,29,0.0
bus_5004,30,0.0
bus_5004,31,0.0
bus_5004,32,0.0
bus_5004,33,0.0
bus_5004,34,0.0
bus_5004,35,0.0
bus_5004,36,0.0
bus_5004,37,0.0
bus_5004,38,0.0
bus_5004,39,0.0
bus_5004,40,0.0
bus_5004,41,0.0
bus_5004,42,0.0
bus_5004,43,0.0
bus_5004,44,0.0
bus_5004,45,0.0
bus_5004,46,0.0
bus_5004,47,0.0
bus_5004,48,0.0
bus_5005,25,0.0
bus_5005,26,0.0
bus_5005,27,0.0
bus_5005,28,0.0
bus_5005,29,0.0
bus_5005,30,0.0
bus_5005,31,0.0
bus_5005,32,0.0
bus_5005,33,0.0
bus_5005,34,0.0
bus_5005,35,0.0
bus_5005,36,0.0
bus_5005,37,0.0
bus_5005,38,0.0
bus_5005,39,0.0
bus_5005,40,0.0
bus_5005,41,0.0
bus_5005,42,0.0
bus_5005,43,0.0
bus_5005,44,0.0
bus_5005,45,0.0
bus_5005,46,0.0
bus_5005,47,0.0
bus_5005,48,0.0
bus_5007,25,0.0
bus_5007,26,0.0
bus_5007,27,0.0
bus_5007,28,0.0
bus_5007,29,0.0
bus_5007,30,0.0
bus_5007,31,0.0
bus_5007,32,0.0
bus_5007,33,0.0
bus_5007,34,0.0
bus_5007,35,0.0
bus_5007,36,0.0
bus_5007,37,0.0
bus_5007,38,0.0
bus_5007,39,0.0
bus_5007,40,0.0
bus_5007,41,0.0
bus_5007,42,0.0
bus_5007,43,0.0
bus_5007,44,0.0
bus_5007,45,0.0
bus_5007,46,0.0
bus_5007,47,0.0
bus_5007,48,0.0
bus_5008,25,0.0
bus_5008,26,0.0
bus_5008,27,0.0
bus_5008,28,0.0
bus_5008,29,0.0
bus_5008,30,0.0
bus_5008,31,0.0
bus_5008,32,0.0
bus_5008,33,0.0
bus_5008,34,0.0
bus_5008,35,0.0
bus_5008,36,0.0
bus_5008,37,0.0
bus_5008,38,0.0
bus_5008,39,0.0
bus_5008,40,0.0
bus_5008,41,0.0
bus_5008,42,0.0
bus_5008,43,0.0
bus_5008,44,0.0
bus_5008,45,0.0
bus_5008,46,0.0
bus_5008,47,0.0
bus_5008,48,0.0
bus_5011,25,0.0
bus_5011,26,0.0
bus_5011,27,0.0
bus_5011,28,0.0
bus_5011,29,0.0
bus_5011,30,0.0
bus_5011,31,0.0
bus_5011,32,0.0
bus_5011,33,0.0
bus_5011,34,0.0
bus_5011,35,0.0
bus_5011,36,0.0
bus_5011,37,0.0
bus_5011,38,0.0
bus_5011,39,0.0
bus_5011,40,0.0
bus_5011,41,0.0
bus_5011,42,0.0
bus_5011,43,0.0
bus_5011,44,0.0
bus_5011,45,0.0
bus_5011,46,0.0
bus_5011,47,0.0
bus_5011,48,0.0
bus_5016,25,0.0
bus_5016,26,0.0
bus_5016,27,0.0
bus_5016,28,0.0
bus_5016,29,0.0
bus_5016,30,0.0
bus_5016,31,0.0
bus_5016,32,0.0
bus_5016,33,0.0
bus_5016,34,0.0
bus_5016,35,0.0
bus_5016,36,0.0
bus_5016,37,0.0
bus_5016,38,0.0
bus_5016,39,0.0
bus_5016,40,0.0
bus_5016,41,0.0
bus_5016,42,0.0
bus_5016,43,0.0
bus_5016,44,0.0
bus_5016,45,0.0
bus_5016,46,0.0
bus_5016,47,0.0
bus_5016,48,0.0
bus_5030,25,0.0
bus_5030,26,0.0
bus_5030,27,0.0
bus_5030,28,0.0
bus_5030,29,0.0
bus_5030,30,0.0
bus_5030,31,0.0
bus_5030,32,0.0
bus_5030,33,0.0
bus_5030,34,0.0
bus_5030,35,0.0
bus_5030,36,0.0
bus_5030,37,0.0
bus_5030,38,0.0
bus_5030,39,0.0
bus_5030,40,0.0
bus_5030,41,0.0
bus_5030,42,0.0
bus_5030,43,0.0
bus_5030,44,0.0
bus_5030,45,0.0
bus_5030,46,0.0
bus_5030,47,0.0
bus_5030,48,0.0
bus_5037,25,0.0
bus_5037,26,0.0
bus_5037,27,0.0
bus_5037,28,0.0
bus_5037,29,0.0
bus_5037,30,0.0
bus_5037,31,0.0
bus_5037,32,0.0
bus_5037,33,0.0
bus_5037,34,0.0
bus_5037,35,0.0
bus_5037,36,0.0
bus_5037,37,0.0
bus_5037,38,0.0
bus_5037,39,0.0
bus_5037,40,0.0
bus_5037,41,0.0
bus_5037,42,0.0
bus_5037,43,0.0
bus_5037,44,0.0
bus_5037,45,0.0
bus_5037,46,0.0
bus_5037,47,0.0
bus_5037,48,0.0
bus_5048,25,0.0
bus_5048,26,0.0
bus_5048,27,0.0
bus_5048,28,0.0
bus_5048,29,0.0
bus_5048,30,0.0
bus_5048,31,0.0
bus_5048,32,0.0
bus_5048,33,0.0
bus_5048,34,0.0
bus_5048,35,0.0
bus_5048,36,0.0
bus_5048,37,0.0
bus_5048,38,0.0
bus_5048,39,0.0
bus_5048,40,0.0
bus_5048,41,0.0
bus_5048,42,0.0
bus_5048,43,0.0
bus_5048,44,0.0
bus_5048,45,0.0
bus_5048,46,0.0
bus_5048,47,0.0
bus_5048,48,0.0
bus_5084,25,0.0
bus_5084,26,0.0
bus_5084,27,0.0
bus_5084,28,0.0
bus_5084,29,0.0
bus_5084,30,0.0
bus_5084,31,0.0
bus_5084,32,0.0
bus_5084,33,0.0
bus_5084,34,0.0
bus_5084,35,0.0
bus_5084,36,0.0
bus_5084,37,0.0
bus_5084,38,0.0
bus_5084,39,0.0
bus_5084,40,0.0
bus_5084,41,0.0
bus_5084,42,0.0
bus_5084,43,0.0
bus_5084,44,0.0
bus_5084,45,0.0
bus_5084,46,0.0
bus_5084,47,0.0
bus_5084,48,0.0
bus_5103,25,0.0
bus_5103,26,0.0
bus_5103,27,0.0
bus_5103,28,0.0
bus_5103,29,0.0
bus_5103,30,0.0
bus_5103,31,0.0
bus_5103,32,0.0
bus_5103,33,0.0
bus_5103,34,0.0
bus_5103,35,0.0
bus_5103,36,0.0
bus_5103,37,0.0
bus_5103,38,0.0
bus_5103,39,0.0
bus_5103,40,0.0
bus_5103,41,0.0
bus_5103,42,0.0
bus_5103,43,0.0
bus_5103,44,0.0
bus_5103,45,0.0
bus_5103,46,0.0
bus_5103,47,0.0
bus_5103,48,0.0
bus_5126,25,0.0
bus_5126,26,0.0
bus_5126,27,0.0
bus_5126,28,0.0
bus_5126,29,0.0
bus_5126,30,0.0
bus_5126,31,0.0
bus_5126,32,0.0
bus_5126,33,0.0
bus_5126,34,0.0
bus_5126,35,0.0
bus_5126,36,0.0
bus_5126,37,0.0
bus_5126,38,0.0
bus_5126,39,0.0
bus_5126,40,0.0
bus_5126,41,0.0
bus_5126,42,0.0
bus_5126,43,0.0
bus_5126,44,0.0
bus_5126,45,0.0
bus_5126,46,0.0
bus_5126,47,0.0
bus_5126,48,0.0
bus_5161,25,0.0
bus_5161,26,0.0
bus_5161,27,0.0
bus_5161,28,0.0
bus_5161,29,0.0
bus_5161,30,0.0
bus_5161,31,0.0
bus_5161,32,0.0
bus_5161,33,0.0
bus_5161,34,0.0
bus_5161,35,0.0
bus_5161,36,0.0
bus_5161,37,0.0
bus_5161,38,0.0
bus_5161,39,0.0
bus_5161,40,0.0
bus_5161,41,0.0
bus_5161,42,0.0
bus_5161,43,0.0
bus_5161,44,0.0
bus_5161,45,0.0
bus_5161,46,0.0
bus_5161,47,0.0
bus_5161,48,0.0
bus_5181,25,0.0
bus_5181,26,0.0
bus_5181,27,0.0
bus_5181,28,0.0
bus_5181,29,0.0
bus_5181,30,0.0
bus_5181,31,0.0
bus_5181,32,0.0
bus_5181,33,0.0
bus_5181,34,0.0
bus_5181,35,0.0
bus_5181,36,0.0
bus_5181,37,0.0
bus_5181,38,0.0
bus_5181,39,0.0
bus_5181,40,0.0
bus_5181,41,0.0
bus_5181,42,0.0
bus_5181,43,0.0
bus_5181,44,0.0
bus_5181,45,0.0
bus_5181,46,0.0
bus_5181,47,0.0
bus_5181,48,0.0
bus_5262,25,0.0
bus_5262,26,0.0
bus_5262,27,0.0
bus_5262,28,0.0
bus_5262,29,0.0
bus_5262,30,0.0
bus_5262,31,0.0
bus_5262,32,0.0
bus_5262,33,0.0
bus_5262,34,0.0
bus_5262,35,0.0
bus_5262,36,0.0
bus_5262,37,0.0
bus_5262,38,0.0
bus_5262,39,0.0
bus_5262,40,0.0
bus_5262,41,0.0
bus_5262,42,0.0
bus_5262,43,0.0
bus_5262,44,0.0
bus_5262,45,0.0
bus_5262,46,0.0
bus_5262,47,0.0
bus_5262,48,0.0
bus_5287,25,0.0
bus_5287,26,0.0
bus_5287,27,0.0
bus_5287,28,0.0
bus_5287,29,0.0
bus_5287,30,0.0
bus_5287,31,0.0
bus_5287,32,0.0
bus_5287,33,0.0
bus_5287,34,0.0
bus_5287,35,0.0
bus_5287,36,0.0
bus_5287,37,0.0
bus_5287,38,0.0
bus_5287,39,0.0
bus_5287,40,0.0
bus_5287,41,0.0
bus_5287,42,0.0
bus_5287,43,0.0
bus_5287,44,0.0
bus_5287,45,0.0
bus_5287,46,0.0
bus_5287,47,0.0
bus_5287,48,0.0
bus_5305,25,0.0
bus_5305,26,0.0
bus_5305,27,0.0
bus_5305,28,0.0
bus_5305,29,0.0
bus_5305,30,0.0
bus_5305,31,0.0
bus_5305,32,0.0
bus_5305,33,0.0
bus_5305,34,0.0
bus_5305,35,0.0
bus_5305,36,0.0
bus_5305,37,0.0
bus_5305,38,0.0
bus_5305,39,0.0
bus_5305,40,0.0
bus_5305,41,0.0
bus_5305,42,0.0
bus_5305,43,0.0
bus_5305,44,0.0
bus_5305,45,0.0
bus_5305,46,0.0
bus_5305,47,0.0
bus_5305,48,0.0
bus_5323,25,0.0
bus_5323,26,0.0
bus_5323,27,0.0
bus_5323,28,0.0
bus_5323,29,0.0
bus_5323,30,0.0
bus_5323,31,0.0
bus_5323,32,0.0
bus_5323,33,0.0
bus_5323,34,0.0
bus_5323,35,0.0
bus_5323,36,0.0
bus_5323,37,0.0
bus_5323,38,0.0
bus_5323,39,0.0
bus_5323,40,0.0
bus_5323,41,0.0
bus_5323,42,0.0
bus_5323,43,0.0
bus_5323,44,0.0
bus_5323,45,0.0
bus_5323,46,0.0
bus_5323,47,0.0
bus_5323,48,0.0
bus_5351,25,0.0
bus_5351,26,0.0
bus_5351,27,0.0
bus_5351,28,0.0
bus_5351,29,0.0
bus_5351,30,0.0
bus_5351,31,0.0
bus_5351,32,0.0
bus_5351,33,0.0
bus_5351,34,0.0
bus_5351,35,0.0
bus_5351,36,0.0
bus_5351,37,0.0
bus_5351,38,0.0
bus_5351,39,0.0
bus_5351,40,0.0
bus_5351,41,0.0
bus_5351,42,0.0
bus_5351,43,0.0
bus_5351,44,0.0
bus_5351,45,0.0
bus_5351,46,0.0
bus_5351,47,0.0
bus_5351,48,0.0
bus_5385,25,0.0
bus_5385,26,0.0
bus_5385,27,0.0
bus_5385,28,0.0
bus_5385,29,0.0
bus_5385,30,0.0
bus_5385,31,0.0
bus_5385,32,0.0
bus_5385,33,0.0
bus_5385,34,0.0
bus_5385,35,0.0
bus_5385,36,0.0
bus_5385,37,0.0
bus_5385,38,0.0
bus_5385,39,0.0
bus_5385,40,0.0
bus_5385,41,0.0
bus_5385,42,0.0
bus_5385,43,0.0
bus_5385,44,0.0
bus_5385,45,0.0
bus_5385,46,0.0
bus_5385,47,0.0
bus_5385,48,0.0
bus_5422,25,0.0
bus_5422,26,0.0
bus_5422,27,0.0
bus_5422,28,0.0
bus_5422,29,0.0
bus_5422,30,0.0
bus_5422,31,0.0
bus_5422,32,0.0
bus_5422,33,0.0
bus_5422,34,0.0
bus_5422,35,0.0
bus_5422,36,0.0
bus_5422,37,0.0
bus_5422,38,0.0
bus_5422,39,0.0
bus_5422,40,0.0
bus_5422,41,0.0
bus_5422,42,0.0
bus_5422,43,0.0
bus_5422,44,0.0
bus_5422,45,0.0
bus_5422,46,0.0
bus_5422,47,0.0
bus_5422,48,0.0
bus_5444,25,0.0
bus_5444,26,0.0
bus_5444,27,0.0
bus_5444,28,0.0
bus_5444,29,0.0
bus_5444,30,0.0
bus_5444,31,0.0
bus_5444,32,0.0
bus_5444,33,0.0
bus_5444,34,0.0
bus_5444,35,0.0
bus_5444,36,0.0
bus_5444,37,0.0
bus_5444,38,0.0
bus_5444,39,0.0
bus_5444,40,0.0
bus_5444,41,0.0
bus_5444,42,0.0
bus_5444,43,0.0
bus_5444,44,0.0
bus_5444,45,0.0
bus_5444,46,0.0
bus_5444,47,0.0
bus_5444,48,0.0
bus_5449,25,0.0
bus_5449,26,0.0
bus_5449,27,0.0
bus_5449,28,0.0
bus_5449,29,0.0
bus_5449,30,0.0
bus_5449,31,0.0
bus_5449,32,0.0
bus_5449,33,0.0
bus_5449,34,0.0
bus_5449,35,0.0
bus_5449,36,0.0
bus_5449,37,0.0
bus_5449,38,0.0
bus_5449,39,0.0
bus_5449,40,0.0
bus_5449,41,0.0
bus_5449,42,0.0
bus_5449,43,0.0
bus_5449,44,0.0
bus_5449,45,0.0
bus_5449,46,0.0
bus_5449,47,0.0
bus_5449,48,0.0
bus_5465,25,0.0
bus_5465,26,0.0
bus_5465,27,0.0
bus_5465,28,0.0
bus_5465,29,0.0
bus_5465,30,0.0
bus_5465,31,0.0
bus_5465,32,0.0
bus_5465,33,0.0
bus_5465,34,0.0
bus_5465,35,0.0
bus_5465,36,0.0
bus_5465,37,0.0
bus_5465,38,0.0
bus_5465,39,0.0
bus_5465,40,0.0
bus_5465,41,0.0
bus_5465,42,0.0
bus_5465,43,0.0
bus_5465,44,0.0
bus_5465,45,0.0
bus_5465,46,0.0
bus_5465,47,0.0
bus_5465,48,0.0
bus_5480,25,0.0
bus_5480,26,0.0
bus_5480,27,0.0
bus_5480,28,0.0
bus_5480,29,0.0
bus_5480,30,0.0
bus_5480,31,0.0
bus_5480,32,0.0
bus_5480,33,0.0
bus_5480,34,0.0
bus_5480,35,0.0
bus_5480,36,0.0
bus_5480,37,0.0
bus_5480,38,0.0
bus_5480,39,0.0
bus_5480,40,0.0
bus_5480,41,0.0
bus_5480,42,0.0
bus_5480,43,0.0
bus_5480,44,0.0
bus_5480,45,0.0
bus_5480,46,0.0
bus_5480,47,0.0
bus_5480,48,0.0
bus_6001,25,0.0
bus_6001,26,0.0
bus_6001,27,0.0
bus_6001,28,0.0
bus_6001,29,0.0
bus_6001,30,0.0
bus_6001,31,0.0
bus_6001,32,0.0
bus_6001,33,0.0
bus_6001,34,0.0
bus_6001,35,0.0
bus_6001,36,0.0
bus_6001,37,0.0
bus_6001,38,0.0
bus_6001,39,0.0
bus_6001,40,0.0
bus_6001,41,0.0
bus_6001,42,0.0
bus_6001,43,0.0
bus_6001,44,0.0
bus_6001,45,0.0
bus_6001,46,0.0
bus_6001,47,0.0
bus_6001,48,0.0
bus_6002,25,0.0
bus_6002,26,0.0
bus_6002,27,0.0
bus_6002,28,0.0
bus_6002,29,0.0
bus_6002,30,0.0
bus_6002,31,0.0
bus_6002,32,0.0
bus_6002,33,0.0
bus_6002,34,0.0
bus_6002,35,0.0
bus_6002,36,0.0
bus_6002,37,0.0
bus_6002,38,0.0
bus_6002,39,0.0
bus_6002,40,0.0
bus_6002,41,0.0
bus_6002,42,0.0
bus_6002,43,0.0
bus_6002,44,0.0
bus_6002,45,0.0
bus_6002,46,0.0
bus_6002,47,0.0
bus_6002,48,0.0
bus_6005,25,0.0
bus_6005,26,0.0
bus_6005,27,0.0
bus_6005,28,0.0
bus_6005,29,0.0
bus_6005,30,0.0
bus_6005,31,0.0
bus_6005,32,0.0
bus_6005,33,0.0
bus_6005,34,0.0
bus_6005,35,0.0
bus_6005,36,0.0
bus_6005,37,0.0
bus_6005,38,0.0
bus_6005,39,0.0
bus_6005,40,0.0
bus_6005,41,0.0
bus_6005,42,0.0
bus_6005,43,0.0
bus_6005,44,0.0
bus_6005,45,0.0
bus_6005,46,0.0
bus_6005,47,0.0
bus_6005,48,0.0
bus_6014,25,0.0
bus_6014,26,0.0
bus_6014,27,0.0
bus_6014,28,0.0
bus_6014,29,0.0
bus_6014,30,0.0
bus_6014,31,0.0
bus_6014,32,0.0
bus_6014,33,0.0
bus_6014,34,0.0
bus_6014,35,0.0
bus_6014,36,0.0
bus_6014,37,0.0
bus_6014,38,0.0
bus_6014,39,0.0
bus_6014,40,0.0
bus_6014,41,0.0
bus_6014,42,0.0
bus_6014,43,0.0
bus_6014,44,0.0
bus_6014,45,0.0
bus_6014,46,0.0
bus_6014,47,0.0
bus_6014,48,0.0
bus_6018,25,0.0
bus_6018,26,0.0
bus_6018,27,0.0
bus_6018,28,0.0
bus_6018,29,0.0
bus_6018,30,0.0
bus_6018,31,0.0
bus_6018,32,0.0
bus_6018,33,0.0
bus_6018,34,0.0
bus_6018,35,0.0
bus_6018,36,0.0
bus_6018,37,0.0
bus_6018,38,0.0
bus_6018,39,0.0
bus_6018,40,0.0
bus_6018,41,0.0
bus_6018,42,0.0
bus_6018,43,0.0
bus_6018,44,0.0
bus_6018,45,0.0
bus_6018,46,0.0
bus_6018,47,0.0
bus_6018,48,0.0
bus_6035,25,0.0
bus_6035,26,0.0
bus_6035,27,0.0
bus_6035,28,0.0
bus_6035,29,0.0
bus_6035,30,0.0
bus_6035,31,0.0
bus_6035,32,0.0
bus_6035,33,0.0
bus_6035,34,0.0
bus_6035,35,0.0
bus_6035,36,0.0
bus_6035,37,0.0
bus_6035,38,0.0
bus_6035,39,0.0
bus_6035,40,0.0
bus_6035,41,0.0
bus_6035,42,0.0
bus_6035,43,0.0
bus_6035,44,0.0
bus_6035,45,0.0
bus_6035,46,0.0
bus_6035,47,0.0
bus_6035,48,0.0
bus_6058,25,0.0
bus_6058,26,0.0
bus_6058,27,0.0
bus_6058,28,0.0
bus_6058,29,0.0
bus_6058,30,0.0
bus_6058,31,0.0
bus_6058,32,0.0
bus_6058,33,0.0
bus_6058,34,0.0
bus_6058,35,0.0
bus_6058,36,0.0
bus_6058,37,0.0
bus_6058,38,0.0
bus_6058,39,0.0
bus_6058,40,0.0
bus_6058,41,0.0
bus_6058,42,0.0
bus_6058,43,0.0
bus_6058,44,0.0
bus_6058,45,0.0
bus_6058,46,0.0
bus_6058,47,0.0
bus_6058,48,0.0
bus_6078,25,0.0
bus_6078,26,0.0
bus_6078,27,0.0
bus_6078,28,0.0
bus_6078,29,0.0
bus_6078,30,0.0
bus_6078,31,0.0
bus_6078,32,0.0
bus_6078,33,0.0
bus_6078,34,0.0
bus_6078,35,0.0
bus_6078,36,0.0
bus_6078,37,0.0
bus_6078,38,0.0
bus_6078,39,0.0
bus_6078,40,0.0
bus_6078,41,0.0
bus_6078,42,0.0
bus_6078,43,0.0
bus_6078,44,0.0
bus_6078,45,0.0
bus_6078,46,0.0
bus_6078,47,0.0
bus_6078,48,0.0
bus_6120,25,0.0
bus_6120,26,0.0
bus_6120,27,0.0
bus_6120,28,0.0
bus_6120,29,0.0
bus_6120,30,0.0
bus_6120,31,0.0
bus_6120,32,0.0
bus_6120,33,0.0
bus_6120,34,0.0
bus_6120,35,0.0
bus_6120,36,0.0
bus_6120,37,0.0
bus_6120,38,0.0
bus_6120,39,0.0
bus_6120,40,0.0
bus_6120,41,0.0
bus_6120,42,0.0
bus_6120,43,0.0
bus_6120,44,0.0
bus_6120,45,0.0
bus_6120,46,0.0
bus_6120,47,0.0
bus_6120,48,0.0
bus_6147,25,0.0
bus_6147,26,0.0
bus_6147,27,0.0
bus_6147,28,0.0
bus_6147,29,0.0
bus_6147,30,0.0
bus_6147,31,0.0
bus_6147,32,0.0
bus_6147,33,0.0
bus_6147,34,0.0
bus_6147,35,0.0
bus_6147,36,0.0
bus_6147,37,0.0
bus_6147,38,0.0
bus_6147,39,0.0
bus_6147,40,0.0
bus_6147,41,0.0
bus_6147,42,0.0
bus_6147,43,0.0
bus_6147,44,0.0
bus_6147,45,0.0
bus_6147,46,0.0
bus_6147,47,0.0
bus_6147,48,0.0
bus_6199,25,0.0
bus_6199,26,0.0
bus_6199,27,0.0
bus_6199,28,0.0
bus_6199,29,0.0
bus_6199,30,0.0
bus_6199,31,0.0
bus_6199,32,0.0
bus_6199,33,0.0
bus_6199,34,0.0
bus_6199,35,0.0
bus_6199,36,0.0
bus_6199,37,0.0
bus_6199,38,0.0
bus_6199,39,0.0
bus_6199,40,0.0
bus_6199,41,0.0
bus_6199,42,0.0
bus_6199,43,0.0
bus_6199,44,0.0
bus_6199,45,0.0
bus_6199,46,0.0
bus_6199,47,0.0
bus_6199,48,0.0
bus_6214,25,0.0
bus_6214,26,0.0
bus_6214,27,0.0
bus_6214,28,0.0
bus_6214,29,0.0
bus_6214,30,0.0
bus_6214,31,0.0
bus_6214,32,0.0
bus_6214,33,0.0
bus_6214,34,0.0
bus_6214,35,0.0
bus_6214,36,0.0
bus_6214,37,0.0
bus_6214,38,0.0
bus_6214,39,0.0
bus_6214,40,0.0
bus_6214,41,0.0
bus_6214,42,0.0
bus_6214,43,0.0
bus_6214,44,0.0
bus_6214,45,0.0
bus_6214,46,0.0
bus_6214,47,0.0
bus_6214,48,0.0
bus_6230,25,0.0
bus_6230,26,0.0
bus_6230,27,0.0
bus_6230,28,0.0
bus_6230,29,0.0
bus_6230,30,0.0
bus_6230,31,0.0
bus_6230,32,0.0
bus_6230,33,0.0
bus_6230,34,0.0
bus_6230,35,0.0
bus_6230,36,0.0
bus_6230,37,0.0
bus_6230,38,0.0
bus_6230,39,0.0
bus_6230,40,0.0
bus_6230,41,0.0
bus_6230,42,0.0
bus_6230,43,0.0
bus_6230,44,0.0
bus_6230,45,0.0
bus_6230,46,0.0
bus_6230,47,0.0
bus_6230,48,0.0
bus_6236,25,0.0
bus_6236,26,0.0
bus_6236,27,0.0
bus_6236,28,0.0
bus_6236,29,0.0
bus_6236,30,0.0
bus_6236,31,0.0
bus_6236,32,0.0
bus_6236,33,0.0
bus_6236,34,0.0
bus_6236,35,0.0
bus_6236,36,0.0
bus_6236,37,0.0
bus_6236,38,0.0
bus_6236,39,0.0
bus_6236,40,0.0
bus_6236,41,0.0
bus_6236,42,0.0
bus_6236,43,0.0
bus_6236,44,0.0
bus_6236,45,0.0
bus_6236,46,0.0
bus_6236,47,0.0
bus_6236,48,0.0
bus_6244,25,0.0
bus_6244,26,0.0
bus_6244,27,0.0
bus_6244,28,0.0
bus_6244,29,0.0
bus_6244,30,0.0
bus_6244,31,0.0
bus_6244,32,0.0
bus_6244,33,0.0
bus_6244,34,0.0
bus_6244,35,0.0
bus_6244,36,0.0
bus_6244,37,0.0
bus_6244,38,0.0
bus_6244,39,0.0
bus_6244,40,0.0
bus_6244,41,0.0
bus_6244,42,0.0
bus_6244,43,0.0
bus_6244,44,0.0
bus_6244,45,0.0
bus_6244,46,0.0
bus_6244,47,0.0
bus_6244,48,0.0
bus_6349,25,0.0
bus_6349,26,0.0
bus_6349,27,0.0
bus_6349,28,0.0
bus_6349,29,0.0
bus_6349,30,0.0
bus_6349,31,0.0
bus_6349,32,0.0
bus_6349,33,0.0
bus_6349,34,0.0
bus_6349,35,0.0
bus_6349,36,0.0
bus_6349,37,0.0
bus_6349,38,0.0
bus_6349,39,0.0
bus_6349,40,0.0
bus_6349,41,0.0
bus_6349,42,0.0
bus_6349,43,0.0
bus_6349,44,0.0
bus_6349,45,0.0
bus_6349,46,0.0
bus_6349,47,0.0
bus_6349,48,0.0
bus_7001,25,0.0
bus_7001,26,0.0
bus_7001,27,0.0
bus_7001,28,0.0
bus_7001,29,0.0
bus_7001,30,0.0
bus_7001,31,0.0
bus_7001,32,0.0
bus_7001,33,0.0
bus_7001,34,0.0
bus_7001,35,0.0
bus_7001,36,0.0
bus_7001,37,0.0
bus_7001,38,0.0
bus_7001,39,0.0
bus_7001,40,0.0
bus_7001,41,0.0
bus_7001,42,0.0
bus_7001,43,0.0
bus_7001,44,0.0
bus_7001,45,0.0
bus_7001,46,0.0
bus_7001,47,0.0
bus_7001,48,0.0
bus_7004,25,0.0
bus_7004,26,0.0
bus_7004,27,0.0
bus_7004,28,0.0
bus_7004,29,0.0
bus_7004,30,0.0
bus_7004,31,0.0
bus_7004,32,0.0
bus_7004,33,0.0
bus_7004,34,0.0
bus_7004,35,0.0
bus_7004,36,0.0
bus_7004,37,0.0
bus_7004,38,0.0
bus_7004,39,0.0
bus_7004,40,0.0
bus_7004,41,0.0
bus_7004,42,0.0
bus_7004,43,0.0
bus_7004,44,0.0
bus_7004,45,0.0
bus_7004,46,0.0
bus_7004,47,0.0
bus_7004,48,0.0
bus_7010,25,0.0
bus_7010,26,0.0
bus_7010,27,0.0
bus_7010,28,0.0
bus_7010,29,0.0
bus_7010,30,0.0
bus_7010,31,0.0
bus_7010,32,0.0
bus_7010,33,0.0
bus_7010,34,0.0
bus_7010,35,0.0
bus_7010,36,0.0
bus_7010,37,0.0
bus_7010,38,0.0
bus_7010,39,0.0
bus_7010,40,0.0
bus_7010,41,0.0
bus_7010,42,0.0
bus_7010,43,0.0
bus_7010,44,0.0
bus_7010,45,0.0
bus_7010,46,0.0
bus_7010,47,0.0
bus_7010,48,0.0
bus_7012,25,0.0
bus_7012,26,0.0
bus_7012,27,0.0
bus_7012,28,0.0
bus_7012,29,0.0
bus_7012,30,0.0
bus_7012,31,0.0
bus_7012,32,0.0
bus_7012,33,0.0
bus_7012,34,0.0
bus_7012,35,0.0
bus_7012,36,0.0
bus_7012,37,0.0
bus_7012,38,0.0
bus_7012,39,0.0
bus_7012,40,0.0
bus_7012,41,0.0
bus_7012,42,0.0
bus_7012,43,0.0
bus_7012,44,0.0
bus_7012,45,0.0
bus_7012,46,0.0
bus_7012,47,0.0
bus_7012,48,0.0
bus_7039,25,0.0
bus_7039,26,0.0
bus_7039,27,0.0
bus_7039,28,0.0
bus_7039,29,0.0
bus_7039,30,0.0
bus_7039,31,0.0
bus_7039,32,0.0
bus_7039,33,0.0
bus_7039,34,0.0
bus_7039,35,0.0
bus_7039,36,0.0
bus_7039,37,0.0
bus_7039,38,0.0
bus_7039,39,0.0
bus_7039,40,0.0
bus_7039,41,0.0
bus_7039,42,0.0
bus_7039,43,0.0
bus_7039,44,0.0
bus_7039,45,0.0
bus_7039,46,0.0
bus_7039,47,0.0
bus_7039,48,0.0
bus_7049,25,0.0
bus_7049,26,0.0
bus_7049,27,0.0
bus_7049,28,0.0
bus_7049,29,0.0
bus_7049,30,0.0
bus_7049,31,0.0
bus_7049,32,0.0
bus_7049,33,0.0
bus_7049,34,0.0
bus_7049,35,0.0
bus_7049,36,0.0
bus_7049,37,0.0
bus_7049,38,0.0
bus_7049,39,0.0
bus_7049,40,0.0
bus_7049,41,0.0
bus_7049,42,0.0
bus_7049,43,0.0
bus_7049,44,0.0
bus_7049,45,0.0
bus_7049,46,0.0
bus_7049,47,0.0
bus_7049,48,0.0
bus_7069,25,0.0
bus_7069,26,0.0
bus_7069,27,0.0
bus_7069,28,0.0
bus_7069,29,0.0
bus_7069,30,0.0
bus_7069,31,0.0
bus_7069,32,0.0
bus_7069,33,0.0
bus_7069,34,0.0
bus_7069,35,0.0
bus_7069,36,0.0
bus_7069,37,0.0
bus_7069,38,0.0
bus_7069,39,0.0
bus_7069,40,0.0
bus_7069,41,0.0
bus_7069,42,0.0
bus_7069,43,0.0
bus_7069,44,0.0
bus_7069,45,0.0
bus_7069,46,0.0
bus_7069,47,0.0
bus_7069,48,0.0
bus_7074,25,0.0
bus_7074,26,0.0
bus_7074,27,0.0
bus_7074,28,0.0
bus_7074,29,0.0
bus_7074,30,0.0
bus_7074,31,0.0
bus_7074,32,0.0
bus_7074,33,0.0
bus_7074,34,0.0
bus_7074,35,0.0
bus_7074,36,0.0
bus_7074,37,0.0
bus_7074,38,0.0
bus_7074,39,0.0
bus_7074,40,0.0
bus_7074,41,0.0
bus_7074,42,0.0
bus_7074,43,0.0
bus_7074,44,0.0
bus_7074,45,0.0
bus_7074,46,0.0
bus_7074,47,0.0
bus_7074,48,0.0
bus_7084,25,0.0
bus_7084,26,0.0
bus_7084,27,0.0
bus_7084,28,0.0
bus_7084,29,0.0
bus_7084,30,0.0
bus_7084,31,0.0
bus_7084,32,0.0
bus_7084,33,0.0
bus_7084,34,0.0
bus_7084,35,0.0
bus_7084,36,0.0
bus_7084,37,0.0
bus_7084,38,0.0
bus_7084,39,0.0
bus_7084,40,0.0
bus_7084,41,0.0
bus_7084,42,0.0
bus_7084,43,0.0
bus_7084,44,0.0
bus_7084,45,0.0
bus_7084,46,0.0
bus_7084,47,0.0
bus_7084,48,0.0
bus_7091,25,0.0
bus_7091,26,0.0
bus_7091,27,0.0
bus_7091,28,0.0
bus_7091,29,0.0
bus_7091,30,0.0
bus_7091,31,0.0
bus_7091,32,0.0
bus_7091,33,0.0
bus_7091,34,0.0
bus_7091,35,0.0
bus_7091,36,0.0
bus_7091,37,0.0
bus_7091,38,0.0
bus_7091,39,0.0
bus_7091,40,0.0
bus_7091,41,0.0
bus_7091,42,0.0
bus_7091,43,0.0
bus_7091,44,0.0
bus_7091,45,0.0
bus_7091,46,0.0
bus_7091,47,0.0
bus_7091,48,0.0
bus_7098,25,0.0
bus_7098,26,0.0
bus_7098,27,0.0
bus_7098,28,0.0
bus_7098,29,0.0
bus_7098,30,0.0
bus_7098,31,0.0
bus_7098,32,0.0
bus_7098,33,0.0
bus_7098,34,0.0
bus_7098,35,0.0
bus_7098,36,0.0
bus_7098,37,0.0
bus_7098,38,0.0
bus_7098,39,0.0
bus_7098,40,0.0
bus_7098,41,0.0
bus_7098,42,0.0
bus_7098,43,0.0
bus_7098,44,0.0
bus_7098,45,0.0
bus_7098,46,0.0
bus_7098,47,0.0
bus_7098,48,0.0
bus_7101,25,0.0
bus_7101,26,0.0
bus_7101,27,0.0
bus_7101,28,0.0
bus_7101,29,0.0
bus_7101,30,0.0
bus_7101,31,0.0
bus_7101,32,0.0
bus_7101,33,0.0
bus_7101,34,0.0
bus_7101,35,0.0
bus_7101,36,0.0
bus_7101,37,0.0
bus_7101,38,0.0
bus_7101,39,0.0
bus_7101,40,0.0
bus_7101,41,0.0
bus_7101,42,0.0
bus_7101,43,0.0
bus_7101,44,0.0
bus_7101,45,0.0
bus_7101,46,0.0
bus_7101,47,0.0
bus_7101,48,0.0
bus_7127,25,0.0
bus_7127,26,0.0
bus_7127,27,0.0
bus_7127,28,0.0
bus_7127,29,0.0
bus_7127,30,0.0
bus_7127,31,0.0
bus_7127,32,0.0
bus_7127,33,0.0
bus_7127,34,0.0
bus_7127,35,0.0
bus_7127,36,0.0
bus_7127,37,0.0
bus_7127,38,0.0
bus_7127,39,0.0
bus_7127,40,0.0
bus_7127,41,0.0
bus_7127,42,0.0
bus_7127,43,0.0
bus_7127,44,0.0
bus_7127,45,0.0
bus_7127,46,0.0
bus_7127,47,0.0
bus_7127,48,0.0
bus_7138,25,0.0
bus_7138,26,0.0
bus_7138,27,0.0
bus_7138,28,0.0
bus_7138,29,0.0
bus_7138,30,0.0
bus_7138,31,0.0
bus_7138,32,0.0
bus_7138,33,0.0
bus_7138,34,0.0
bus_7138,35,0.0
bus_7138,36,0.0
bus_7138,37,0.0
bus_7138,38,0.0
bus_7138,39,0.0
bus_7138,40,0.0
bus_7138,41,0.0
bus_7138,42,0.0
bus_7138,43,0.0
bus_7138,44,0.0
bus_7138,45,0.0
bus_7138,46,0.0
bus_7138,47,0.0
bus_7138,48,0.0
bus_7170,25,0.0
bus_7170,26,0.0
bus_7170,27,0.0
bus_7170,28,0.0
bus_7170,29,0.0
bus_7170,30,0.0
bus_7170,31,0.0
bus_7170,32,0.0
bus_7170,33,0.0
bus_7170,34,0.0
bus_7170,35,0.0
bus_7170,36,0.0
bus_7170,37,0.0
bus_7170,38,0.0
bus_7170,39,0.0
bus_7170,40,0.0
bus_7170,41,0.0
bus_7170,42,0.0
bus_7170,43,0.0
bus_7170,44,0.0
bus_7170,45,0.0
bus_7170,46,0.0
bus_7170,47,0.0
bus_7170,48,0.0
bus_7177,25,0.0
bus_7177,26,0.0
bus_7177,27,0.0
bus_7177,28,0.0
bus_7177,29,0.0
bus_7177,30,0.0
bus_7177,31,0.0
bus_7177,32,0.0
bus_7177,33,0.0
bus_7177,34,0.0
bus_7177,35,0.0
bus_7177,36,0.0
bus_7177,37,0.0
bus_7177,38,0.0
bus_7177,39,0.0
bus_7177,40,0.0
bus_7177,41,0.0
bus_7177,42,0.0
bus_7177,43,0.0
bus_7177,44,0.0
bus_7177,45,0.0
bus_7177,46,0.0
bus_7177,47,0.0
bus_7177,48,0.0
bus_7185,25,0.0
bus_7185,26,0.0
bus_7185,27,0.0
bus_7185,28,0.0
bus_7185,29,0.0
bus_7185,30,0.0
bus_7185,31,0.0
bus_7185,32,0.0
bus_7185,33,0.0
bus_7185,34,0.0
bus_7185,35,0.0
bus_7185,36,0.0
bus_7185,37,0.0
bus_7185,38,0.0
bus_7185,39,0.0
bus_7185,40,0.0
bus_7185,41,0.0
bus_7185,42,0.0
bus_7185,43,0.0
bus_7185,44,0.0
bus_7185,45,0.0
bus_7185,46,0.0
bus_7185,47,0.0
bus_7185,48,0.0
bus_7201,25,0.0
bus_7201,26,0.0
bus_7201,27,0.0
bus_7201,28,0.0
bus_7201,29,0.0
bus_7201,30,0.0
bus_7201,31,0.0
bus_7201,32,0.0
bus_7201,33,0.0
bus_7201,34,0.0
bus_7201,35,0.0
bus_7201,36,0.0
bus_7201,37,0.0
bus_7201,38,0.0
bus_7201,39,0.0
bus_7201,40,0.0
bus_7201,41,0.0
bus_7201,42,0.0
bus_7201,43,0.0
bus_7201,44,0.0
bus_7201,45,0.0
bus_7201,46,0.0
bus_7201,47,0.0
bus_7201,48,0.0
bus_7208,25,0.0
bus_7208,26,0.0
bus_7208,27,0.0
bus_7208,28,0.0
bus_7208,29,0.0
bus_7208,30,0.0
bus_7208,31,0.0
bus_7208,32,0.0
bus_7208,33,0.0
bus_7208,34,0.0
bus_7208,35,0.0
bus_7208,36,0.0
bus_7208,37,0.0
bus_7208,38,0.0
bus_7208,39,0.0
bus_7208,40,0.0
bus_7208,41,0.0
bus_7208,42,0.0
bus_7208,43,0.0
bus_7208,44,0.0
bus_7208,45,0.0
bus_7208,46,0.0
bus_7208,47,0.0
bus_7208,48,0.0
bus_7221,25,0.0
bus_7221,26,0.0
bus_7221,27,0.0
bus_7221,28,0.0
bus_7221,29,0.0
bus_7221,30,0.0
bus_7221,31,0.0
bus_7221,32,0.0
bus_7221,33,0.0
bus_7221,34,0.0
bus_7221,35,0.0
bus_7221,36,0.0
bus_7221,37,0.0
bus_7221,38,0.0
bus_7221,39,0.0
bus_7221,40,0.0
bus_7221,41,0.0
bus_7221,42,0.0
bus_7221,43,0.0
bus_7221,44,0.0
bus_7221,45,0.0
bus_7221,46,0.0
bus_7221,47,0.0
bus_7221,48,0.0
bus_7229,25,0.0
bus_7229,26,0.0
bus_7229,27,0.0
bus_7229,28,0.0
bus_7229,29,0.0
bus_7229,30,0.0
bus_7229,31,0.0
bus_7229,32,0.0
bus_7229,33,0.0
bus_7229,34,0.0
bus_7229,35,0.0
bus_7229,36,0.0
bus_7229,37,0.0
bus_7229,38,0.0
bus_7229,39,0.0
bus_7229,40,0.0
bus_7229,41,0.0
bus_7229,42,0.0
bus_7229,43,0.0
bus_7229,44,0.0
bus_7229,45,0.0
bus_7229,46,0.0
bus_7229,47,0.0
bus_7229,48,0.0
bus_7246,25,0.0
bus_7246,26,0.0
bus_7246,27,0.0
bus_7246,28,0.0
bus_7246,29,0.0
bus_7246,30,0.0
bus_7246,31,0.0
bus_7246,32,0.0
bus_7246,33,0.0
bus_7246,34,0.0
bus_7246,35,0.0
bus_7246,36,0.0
bus_7246,37,0.0
bus_7246,38,0.0
bus_7246,39,0.0
bus_7246,40,0.0
bus_7246,41,0.0
bus_7246,42,0.0
bus_7246,43,0.0
bus_7246,44,0.0
bus_7246,45,0.0
bus_7246,46,0.0
bus_7246,47,0.0
bus_7246,48,0.0
bus_7248,25,0.0
bus_7248,26,0.0
bus_7248,27,0.0
bus_7248,28,0.0
bus_7248,29,0.0
bus_7248,30,0.0
bus_7248,31,0.0
bus_7248,32,0.0
bus_7248,33,0.0
bus_7248,34,0.0
bus_7248,35,0.0
bus_7248,36,0.0
bus_7248,37,0.0
bus_7248,38,0.0
bus_7248,39,0.0
bus_7248,40,0.0
bus_7248,41,0.0
bus_7248,42,0.0
bus_7248,43,0.0
bus_7248,44,0.0
bus_7248,45,0.0
bus_7248,46,0.0
bus_7248,47,0.0
bus_7248,48,0.0
bus_7330,25,0.0
bus_7330,26,0.0
bus_7330,27,0.0
bus_7330,28,0.0
bus_7330,29,0.0
bus_7330,30,0.0
bus_7330,31,0.0
bus_7330,32,0.0
bus_7330,33,0.0
bus_7330,34,0.0
bus_7330,35,0.0
bus_7330,36,0.0
bus_7330,37,0.0
bus_7330,38,0.0
bus_7330,39,0.0
bus_7330,40,0.0
bus_7330,41,0.0
bus_7330,42,0.0
bus_7330,43,0.0
bus_7330,44,0.0
bus_7330,45,0.0
bus_7330,46,0.0
bus_7330,47,0.0
bus_7330,48,0.0
bus_7343,25,0.0
bus_7343,26,0.0
bus_7343,27,0.0
bus_7343,28,0.0
bus_7343,29,0.0
bus_7343,30,0.0
bus_7343,31,0.0
bus_7343,32,0.0
bus_7343,33,0.0
bus_7343,34,0.0
bus_7343,35,0.0
bus_7343,36,0.0
bus_7343,37,0.0
bus_7343,38,0.0
bus_7343,39,0.0
bus_7343,40,0.0
bus_7343,41,0.0
bus_7343,42,0.0
bus_7343,43,0.0
bus_7343,44,0.0
bus_7343,45,0.0
bus_7343,46,0.0
bus_7343,47,0.0
bus_7343,48,0.0
bus_7353,25,0.0
bus_7353,26,0.0
bus_7353,27,0.0
bus_7353,28,0.0
bus_7353,29,0.0
bus_7353,30,0.0
bus_7353,31,0.0
bus_7353,32,0.0
bus_7353,33,0.0
bus_7353,34,0.0
bus_7353,35,0.0
bus_7353,36,0.0
bus_7353,37,0.0
bus_7353,38,0.0
bus_7353,39,0.0
bus_7353,40,0.0
bus_7353,41,0.0
bus_7353,42,0.0
bus_7353,43,0.0
bus_7353,44,0.0
bus_7353,45,0.0
bus_7353,46,0.0
bus_7353,47,0.0
bus_7353,48,0.0
bus_7375,25,0.0
bus_7375,26,0.0
bus_7375,27,0.0
bus_7375,28,0.0
bus_7375,29,0.0
bus_7375,30,0.0
bus_7375,31,0.0
bus_7375,32,0.0
bus_7375,33,0.0
bus_7375,34,0.0
bus_7375,35,0.0
bus_7375,36,0.0
bus_7375,37,0.0
bus_7375,38,0.0
bus_7375,39,0.0
bus_7375,40,0.0
bus_7375,41,0.0
bus_7375,42,0.0
bus_7375,43,0.0
bus_7375,44,0.0
bus_7375,45,0.0
bus_7375,46,0.0
bus_7375,47,0.0
bus_7375,48,0.0
bus_7404,25,0.0
bus_7404,26,0.0
bus_7404,27,0.0
bus_7404,28,0.0
bus_7404,29,0.0
bus_7404,30,0.0
bus_7404,31,0.0
bus_7404,32,0.0
bus_7404,33,0.0
bus_7404,34,0.0
bus_7404,35,0.0
bus_7404,36,0.0
bus_7404,37,0.0
bus_7404,38,0.0
bus_7404,39,0.0
bus_7404,40,0.0
bus_7404,41,0.0
bus_7404,42,0.0
bus_7404,43,0.0
bus_7404,44,0.0
bus_7404,45,0.0
bus_7404,46,0.0
bus_7404,47,0.0
bus_7404,48,0.0
bus_7410,25,0.0
bus_7410,26,0.0
bus_7410,27,0.0
bus_7410,28,0.0
bus_7410,29,0.0
bus_7410,30,0.0
bus_7410,31,0.0
bus_7410,32,0.0
bus_7410,33,0.0
bus_7410,34,0.0
bus_7410,35,0.0
bus_7410,36,0.0
bus_7410,37,0.0
bus_7410,38,0.0
bus_7410,39,0.0
bus_7410,40,0.0
bus_7410,41,0.0
bus_7410,42,0.0
bus_7410,43,0.0
bus_7410,44,0.0
bus_7410,45,0.0
bus_7410,46,0.0
bus_7410,47,0.0
bus_7410,48,0.0
bus_7422,25,0.0
bus_7422,26,0.0
bus_7422,27,0.0
bus_7422,28,0.0
bus_7422,29,0.0
bus_7422,30,0.0
bus_7422,31,0.0
bus_7422,32,0.0
bus_7422,33,0.0
bus_7422,34,0.0
bus_7422,35,0.0
bus_7422,36,0.0
bus_7422,37,0.0
bus_7422,38,0.0
bus_7422,39,0.0
bus_7422,40,0.0
bus_7422,41,0.0
bus_7422,42,0.0
bus_7422,43,0.0
bus_7422,44,0.0
bus_7422,45,0.0
bus_7422,46,0.0
bus_7422,47,0.0
bus_7422,48,0.0
bus_7428,25,0.0
bus_7428,26,0.0
bus_7428,27,0.0
bus_7428,28,0.0
bus_7428,29,0.0
bus_7428,30,0.0
bus_7428,31,0.0
bus_7428,32,0.0
bus_7428,33,0.0
bus_7428,34,0.0
bus_7428,35,0.0
bus_7428,36,0.0
bus_7428,37,0.0
bus_7428,38,0.0
bus_7428,39,0.0
bus_7428,40,0.0
bus_7428,41,0.0
bus_7428,42,0.0
bus_7428,43,0.0
bus_7428,44,0.0
bus_7428,45,0.0
bus_7428,46,0.0
bus_7428,47,0.0
bus_7428,48,0.0
bus_8001,25,0.0
bus_8001,26,0.0
bus_8001,27,0.0
bus_8001,28,0.0
bus_8001,29,0.0
bus_8001,30,0.0
bus_8001,31,0.0
bus_8001,32,0.0
bus_8001,33,0.0
bus_8001,34,0.0
bus_8001,35,0.0
bus_8001,36,0.0
bus_8001,37,0.0
bus_8001,38,0.0
bus_8001,39,0.0
bus_8001,40,0.0
bus_8001,41,0.0
bus_8001,42,0.0
bus_8001,43,0.0
bus_8001,44,0.0
bus_8001,45,0.0
bus_8001,46,0.0
bus_8001,47,0.0
bus_8001,48,0.0
bus_8002,25,0.0
bus_8002,26,0.0
bus_8002,27,0.0
bus_8002,28,0.0
bus_8002,29,0.0
bus_8002,30,0.0
bus_8002,31,0.0
bus_8002,32,0.0
bus_8002,33,0.0
bus_8002,34,0.0
bus_8002,35,0.0
bus_8002,36,0.0
bus_8002,37,0.0
bus_8002,38,0.0
bus_8002,39,0.0
bus_8002,40,0.0
bus_8002,41,0.0
bus_8002,42,0.0
bus_8002,43,0.0
bus_8002,44,0.0
bus_8002,45,0.0
bus_8002,46,0.0
bus_8002,47,0.0
bus_8002,48,0.0
bus_8060,25,0.0
bus_8060,26,0.0
bus_8060,27,0.0
bus_8060,28,0.0
bus_8060,29,0.0
bus_8060,30,0.0
bus_8060,31,0.0
bus_8060,32,0.0
bus_8060,33,0.0
bus_8060,34,0.0
bus_8060,35,0.0
bus_8060,36,0.0
bus_8060,37,0.0
bus_8060,38,0.0
bus_8060,39,0.0
bus_8060,40,0.0
bus_8060,41,0.0
bus_8060,42,0.0
bus_8060,43,0.0
bus_8060,44,0.0
bus_8060,45,0.0
bus_8060,46,0.0
bus_8060,47,0.0
bus_8060,48,0.0
bus_8070,25,0.0
bus_8070,26,0.0
bus_8070,27,0.0
bus_8070,28,0.0
bus_8070,29,0.0
bus_8070,30,0.0
bus_8070,31,0.0
bus_8070,32,0.0
bus_8070,33,0.0
bus_8070,34,0.0
bus_8070,35,0.0
bus_8070,36,0.0
bus_8070,37,0.0
bus_8070,38,0.0
bus_8070,39,0.0
bus_8070,40,0.0
bus_8070,41,0.0
bus_8070,42,0.0
bus_8070,43,0.0
bus_8070,44,0.0
bus_8070,45,0.0
bus_8070,46,0.0
bus_8070,47,0.0
bus_8070,48,0.0
bus_8087,25,0.0
bus_8087,26,0.0
bus_8087,27,0.0
bus_8087,28,0.0
bus_8087,29,0.0
bus_8087,30,0.0
bus_8087,31,0.0
bus_8087,32,0.0
bus_8087,33,0.0
bus_8087,34,0.0
bus_8087,35,0.0
bus_8087,36,0.0
bus_8087,37,0.0
bus_8087,38,0.0
bus_8087,39,0.0
bus_8087,40,0.0
bus_8087,41,0.0
bus_8087,42,0.0
bus_8087,43,0.0
bus_8087,44,0.0
bus_8087,45,0.0
bus_8087,46,0.0
bus_8087,47,0.0
bus_8087,48,0.0
bus_8129,25,0.0
bus_8129,26,0.0
bus_8129,27,0.0
bus_8129,28,0.0
bus_8129,29,0.0
bus_8129,30,0.0
bus_8129,31,0.0
bus_8129,32,0.0
bus_8129,33,0.0
bus_8129,34,0.0
bus_8129,35,0.0
bus_8129,36,0.0
bus_8129,37,0.0
bus_8129,38,0.0
bus_8129,39,0.0
bus_8129,40,0.0
bus_8129,41,0.0
bus_8129,42,0.0
bus_8129,43,0.0
bus_8129,44,0.0
bus_8129,45,0.0
bus_8129,46,0.0
bus_8129,47,0.0
bus_8129,48,0.0
bus_8140,25,0.0
bus_8140,26,0.0
bus_8140,27,0.0
bus_8140,28,0.0
bus_8140,29,0.0
bus_8140,30,0.0
bus_8140,31,0.0
bus_8140,32,0.0
bus_8140,33,0.0
bus_8140,34,0.0
bus_8140,35,0.0
bus_8140,36,0.0
bus_8140,37,0.0
bus_8140,38,0.0
bus_8140,39,0.0
bus_8140,40,0.0
bus_8140,41,0.0
bus_8140,42,0.0
bus_8140,43,0.0
bus_8140,44,0.0
bus_8140,45,0.0
bus_8140,46,0.0
bus_8140,47,0.0
bus_8140,48,0.0
