,Settlement Point Price
0,20.54
1,19.82
2,19.6
3,19.25
4,21.28
5,22.63
6,24.06
7,24.72
8,25.05
9,24.88
10,24.75
11,25.41
12,24.22
13,22.93
14,22.91
15,22.81
16,23.72
17,31.29
18,35.57
19,31.05
20,28.91
21,27.4
22,25.41
23,23.87
24,23.82
25,23.16
26,23.2
27,22.91
28,25.09
29,28.65
30,39.13
31,39.06
32,36.26
33,39.55
34,40.25
35,37.33
36,34.61
37,34.87
38,34.84
39,34.65
40,36.45
41,64.67
42,66.72
43,40.92
44,40.1
45,35.37
46,31.53
47,26.41
48,26.5
49,24.08
50,24.64
51,24.15
52,24.27
53,29.81
54,55.11
55,40.24
56,35.26
57,35.63
58,32.79
59,29.89
60,27.77
61,26.51
62,23.81
63,24.49
64,27.16
65,41.4
66,44.77
67,34.8
68,33.82
69,30.14
70,27.12
71,23.63
72,22.22
73,22.2
74,21.34
75,22.08
76,23.12
77,28.38
78,55.61
79,46.54
80,36.13
81,31.9
82,28.77
83,26.15
84,23.67
85,23.02
86,21.74
87,21.07
88,22.69
89,34.73
90,32.18
91,26.53
92,26.74
93,27.36
94,24.22
95,22.63
96,21.27
97,20.06
98,19.9
99,19.48
100,20.68
101,22.69
102,25.87
103,29.18
104,31.11
105,30.02
106,24.87
107,23.11
108,22.8
109,21.63
110,20.34
111,19.62
112,19.66
113,24.02
114,21.7
115,20.08
116,19.41
117,18.38
118,19.15
119,16.99
120,16.67
121,15.68
122,16.0
123,16.0
124,17.77
125,18.6
126,17.52
127,19.22
128,21.91
129,21.83
130,19.54
131,18.09
132,17.23
133,16.62
134,15.94
135,15.94
136,16.54
137,21.2
138,20.87
139,19.02
140,17.22
141,16.45
142,16.22
143,15.76
144,11.91
145,11.33
146,12.43
147,12.45
148,15.44
149,19.13
150,19.16
151,21.8
152,21.72
153,22.27
154,22.0
155,22.28
156,22.84
157,23.06
158,22.35
159,22.37
160,22.64
161,40.29
162,31.42
163,22.76
164,22.37
165,22.25
166,20.85
167,18.74
168,15.65
169,15.37
170,15.44
171,16.89
172,17.94
173,20.89
174,23.63
175,26.48
176,25.0
177,22.1
178,22.57
179,20.73
180,21.5
181,21.84
182,21.63
183,21.27
184,21.85
185,41.37
186,32.39
187,25.52
188,24.73
189,25.15
190,22.03
191,21.28
192,19.2
193,18.56
194,19.3
195,19.02
196,20.6
197,21.62
198,33.72
199,29.43
200,25.88
201,26.02
202,23.09
203,22.25
204,21.74
205,20.77
206,20.1
207,20.06
208,20.83
209,29.53
210,31.92
211,24.64
212,24.62
213,24.22
214,22.68
215,21.45
216,18.3
217,17.89
218,17.56
219,18.19
220,19.0
221,20.96
222,36.77
223,28.11
224,23.88
225,22.55
226,21.6
227,20.69
228,19.93
229,19.76
230,18.87
231,18.62
232,19.34
233,25.81
234,24.15
235,20.9
236,20.47
237,20.4
238,18.71
239,17.41
240,16.74
241,16.83
242,16.63
243,16.45
244,18.53
245,19.32
246,23.07
247,22.33
248,21.22
249,20.71
250,20.38
251,19.64
252,18.59
253,18.53
254,18.24
255,19.24
256,19.79
257,28.75
258,28.79
259,24.33
260,22.21
261,22.12
262,19.77
263,19.45
264,19.91
265,18.94
266,18.07
267,17.57
268,18.46
269,18.12
270,19.37
271,20.14
272,20.93
273,21.17
274,20.1
275,20.12
276,20.16
277,20.45
278,20.92
279,20.76
280,21.47
281,30.28
282,37.64
283,30.2
284,28.27
285,26.65
286,22.48
287,21.57
288,22.95
289,21.87
290,22.39
291,22.07
292,23.79
293,24.94
294,26.24
295,29.41
296,36.02
297,33.29
298,31.17
299,27.22
300,26.5
301,23.76
302,22.0
303,21.78
304,23.47
305,38.88
306,52.27
307,40.27
308,34.09
309,31.56
310,26.68
311,25.71
312,23.59
313,22.85
314,22.1
315,23.94
316,25.27
317,31.07
318,65.92
319,50.33
320,32.73
321,30.25
322,27.82
323,27.01
324,25.17
325,24.23
326,22.79
327,22.04
328,23.94
329,33.45
330,36.13
331,28.65
332,26.69
333,24.3
334,22.36
335,21.76
336,20.81
337,20.57
338,20.76
339,20.58
340,22.13
341,25.52
342,39.75
343,34.26
344,30.17
345,32.67
346,30.87
347,29.14
348,27.74
349,23.73
350,22.39
351,22.51
352,23.53
353,36.92
354,35.36
355,27.53
356,25.53
357,23.41
358,23.48
359,21.71
360,21.91
361,21.56
362,21.59
363,21.38
364,22.61
365,23.21
366,39.74
367,34.3
368,32.66
369,30.61
370,27.94
371,25.55
372,25.23
373,24.13
374,23.37
375,22.93
376,22.87
377,33.46
378,31.66
379,25.6
380,24.81
381,23.38
382,21.94
383,20.35
384,18.95
385,17.74
386,18.21
387,18.07
388,22.97
389,23.27
390,29.89
391,27.19
392,27.69
393,30.75
394,31.16
395,32.87
396,30.42
397,29.07
398,27.39
399,27.44
400,27.81
401,43.3
402,37.32
403,28.45
404,28.35
405,26.27
406,23.95
407,21.5
408,16.93
409,15.36
410,15.23
411,14.31
412,15.6
413,21.39
414,30.05
415,27.73
416,24.37
417,24.35
418,23.54
419,22.29
420,19.87
421,18.93
422,18.82
423,18.17
424,18.91
425,27.18
426,22.97
427,19.1
428,18.58
429,17.71
430,14.52
431,12.65
432,11.27
433,11.12
434,11.34
435,11.38
436,12.75
437,13.6
438,17.16
439,19.99
440,24.69
441,22.04
442,21.48
443,21.88
444,21.58
445,21.7
446,22.31
447,22.4
448,22.87
449,35.21
450,52.8
451,44.31
452,39.03
453,34.83
454,31.78
455,28.46
456,24.83
457,24.51
458,22.95
459,23.3
460,23.88
461,26.25
462,39.52
463,44.76
464,50.6
465,36.56
466,28.99
467,26.81
468,25.23
469,23.78
470,22.31
471,20.4
472,20.12
473,24.51
474,29.6
475,26.25
476,25.57
477,23.21
478,19.3
479,18.63
480,16.75
481,17.02
482,16.42
483,16.71
484,17.85
485,18.34
486,33.34
487,29.05
488,23.71
489,20.19
490,18.69
491,16.84
492,16.25
493,17.68
494,16.96
495,16.43
496,18.04
497,23.14
498,22.05
499,19.97
500,19.24
501,16.53
502,13.94
503,11.62
504,6.82
505,6.29
506,5.67
507,5.59
508,7.25
509,13.8
510,23.17
511,21.93
512,20.46
513,21.28
514,21.1
515,19.91
516,20.41
517,19.23
518,18.5
519,19.08
520,19.07
521,24.56
522,26.18
523,21.73
524,21.66
525,21.98
526,18.76
527,17.59
528,16.78
529,18.19
530,18.91
531,20.37
532,22.9
533,21.93
534,35.04
535,33.69
536,33.17
537,29.8
538,28.34
539,25.09
540,24.35
541,20.99
542,20.51
543,20.92
544,21.68
545,32.58
546,49.92
547,39.5
548,34.52
549,27.58
550,25.1
551,23.54
552,20.96
553,20.3
554,19.74
555,20.29
556,21.88
557,29.33
558,75.44
559,48.09
560,30.99
561,27.15
562,24.47
563,22.0
564,20.45
565,20.12
566,19.9
567,19.26
568,19.39
569,28.23
570,32.24
571,23.11
572,23.35
573,25.94
574,22.74
575,21.43
576,22.57
577,23.0
578,23.63
579,27.07
580,24.09
581,30.76
582,65.09
583,51.68
584,36.33
585,33.23
586,27.87
587,27.13
588,25.87
589,23.86
590,21.91
591,21.55
592,22.86
593,31.88
594,42.83
595,34.75
596,29.63
597,28.51
598,23.78
599,23.52
600,22.74
601,20.92
602,20.77
603,20.76
604,21.72
605,23.13
606,27.37
607,31.31
608,33.41
609,37.11
610,31.3
611,26.59
612,23.73
613,22.06
614,21.58
615,20.01
616,20.53
617,26.56
618,35.36
619,26.55
620,26.3
621,26.39
622,23.43
623,22.5
624,24.5
625,23.63
626,21.34
627,21.09
628,21.22
629,22.15
630,26.44
631,28.4
632,33.78
633,37.63
634,30.02
635,28.2
636,22.49
637,21.24
638,20.06
639,19.61
640,19.72
641,26.12
642,36.17
643,24.29
644,23.2
645,21.11
646,21.16
647,18.01
648,13.8
649,11.46
650,9.05
651,9.93
652,12.76
653,17.88
654,28.85
655,28.92
656,23.22
657,21.56
658,18.1
659,15.96
660,14.14
661,14.15
662,13.45
663,14.82
664,14.53
665,18.56
666,22.43
667,20.3
668,20.64
669,26.5
670,29.32
671,27.85
672,27.4
673,24.52
674,24.15
675,27.02
676,29.6
677,32.54
678,70.11
679,55.72
680,39.19
681,35.08
682,32.41
683,28.87
684,26.07
685,21.91
686,20.62
687,20.57
688,21.08
689,26.14
690,39.64
691,27.08
692,25.64
693,24.43
694,22.87
695,22.22
696,21.07
697,21.04
698,20.56
699,21.53
700,22.12
701,28.11
702,55.53
703,46.92
704,35.12
705,30.06
706,24.45
707,23.14
708,22.04
709,20.92
710,19.67
711,19.33
712,19.86
713,25.47
714,30.98
715,23.58
716,22.56
717,20.93
718,18.76
719,19.13
720,17.82
721,17.21
722,17.04
723,14.81
724,19.66
725,19.91
726,32.96
727,31.22
728,22.22
729,21.23
730,19.71
731,18.95
732,18.98
733,19.23
734,19.15
735,19.22
736,19.69
737,27.98
738,31.64
739,22.26
740,22.2
741,20.7
742,20.38
743,19.29
744,21.82
745,21.21
746,21.15
747,21.62
748,21.59
749,22.27
750,41.23
751,32.24
752,31.09
753,30.3
754,25.87
755,24.13
756,22.88
757,21.88
758,21.74
759,21.37
760,21.35
761,27.32
762,27.57
763,21.94
764,21.41
765,20.69
766,19.63
767,18.42
768,18.5
769,17.55
770,16.98
771,16.6
772,17.51
773,18.73
774,19.71
775,20.32
776,24.71
777,25.56
778,29.23
779,25.49
780,21.57
781,20.4
782,20.36
783,20.21
784,20.49
785,28.45
786,29.56
787,20.66
788,18.8
789,17.24
790,16.65
791,14.6
792,11.37
793,6.56
794,5.22
795,6.02
796,7.11
797,9.74
798,14.78
799,14.28
800,18.53
801,18.92
802,15.86
803,16.26
804,15.55
805,15.63
806,15.57
807,16.1
808,17.83
809,21.21
810,27.69
811,19.16
812,17.43
813,15.62
814,11.93
815,9.65
816,6.29
817,5.26
818,5.98
819,7.63
820,10.61
821,17.38
822,21.98
823,21.86
824,23.02
825,23.8
826,23.73
827,26.2
828,24.11
829,25.39
830,23.65
831,22.75
832,22.53
833,30.65
834,35.06
835,22.5
836,20.73
837,18.93
838,17.53
839,15.02
840,9.9
841,6.63
842,6.73
843,7.67
844,11.32
845,16.05
846,18.92
847,18.76
848,17.82
849,17.93
850,18.49
851,19.14
852,18.71
853,18.08
854,17.33
855,19.0
856,20.34
857,29.74
858,36.47
859,22.02
860,19.93
861,19.0
862,17.46
863,12.84
864,9.45
865,6.82
866,6.65
867,8.67
868,11.66
869,15.65
870,19.85
871,20.27
872,20.74
873,21.74
874,22.9
875,21.34
876,21.2
877,19.58
878,18.02
879,17.78
880,18.87
881,24.13
882,32.94
883,21.4
884,20.5
885,18.06
886,16.88
887,12.81
888,7.77
889,5.62
890,4.85
891,5.12
892,5.78
893,11.97
894,19.01
895,18.69
896,19.0
897,19.06
898,19.25
899,19.49
900,20.98
901,21.48
902,20.03
903,20.52
904,20.23
905,24.68
906,40.88
907,30.77
908,22.42
909,22.2
910,21.45
911,19.47
912,19.4
913,19.09
914,19.46
915,20.69
916,22.42
917,24.83
918,54.6
919,49.37
920,41.3
921,39.81
922,35.04
923,30.78
924,25.1
925,22.34
926,20.46
927,20.29
928,21.95
929,25.84
930,44.91
931,28.32
932,27.4
933,23.9
934,23.33
935,22.94
936,23.13
937,21.91
938,20.95
939,20.91
940,21.66
941,23.06
942,26.32
943,29.16
944,40.57
945,45.96
946,41.2
947,30.36
948,24.46
949,20.94
950,20.79
951,19.89
952,20.02
953,26.0
954,38.94
955,24.75
956,24.65
957,21.55
958,21.99
959,20.25
960,18.61
961,19.12
962,16.88
963,17.84
964,17.95
965,19.46
966,21.47
967,23.46
968,29.74
969,34.31
970,31.16
971,25.98
972,23.75
973,20.88
974,20.25
975,20.39
976,20.3
977,23.19
978,31.26
979,21.49
980,19.95
981,18.55
982,18.68
983,17.25
984,17.13
985,14.25
986,15.42
987,15.02
988,16.36
989,17.36
990,24.46
991,23.97
992,23.52
993,22.59
994,20.45
995,19.36
996,17.22
997,17.02
998,15.69
999,15.48
1000,15.38
1001,18.4
1002,31.4
1003,22.91
1004,23.15
1005,17.04
1006,17.36
1007,15.37
1008,13.84
1009,15.41
1010,16.25
1011,17.07
1012,17.47
1013,18.43
1014,28.09
1015,25.99
1016,26.07
1017,26.08
1018,24.1
1019,23.53
1020,22.11
1021,21.69
1022,20.64
1023,19.99
1024,20.88
1025,25.69
1026,46.46
1027,27.3
1028,23.25
1029,21.49
1030,18.99
1031,19.67
1032,14.91
1033,13.71
1034,15.68
1035,14.03
1036,15.94
1037,16.73
1038,36.93
1039,30.29
1040,22.61
1041,20.8
1042,18.94
1043,16.92
1044,15.67
1045,15.51
1046,15.04
1047,16.63
1048,14.42
1049,15.94
1050,26.53
1051,21.23
1052,19.9
1053,16.28
1054,15.58
1055,14.34
1056,11.32
1057,9.78
1058,9.28
1059,10.35
1060,9.77
1061,14.47
1062,19.39
1063,19.79
1064,18.88
1065,19.31
1066,19.2
1067,19.71
1068,19.06
1069,18.44
1070,19.17
1071,19.81
1072,20.88
1073,27.44
1074,45.85
1075,25.79
1076,22.62
1077,19.93
1078,18.98
1079,18.24
1080,16.45
1081,14.93
1082,14.06
1083,15.4
1084,16.73
1085,17.3
1086,20.22
1087,19.22
1088,18.32
1089,18.15
1090,17.12
1091,18.43
1092,19.4
1093,20.18
1094,21.4
1095,22.68
1096,25.87
1097,34.94
1098,56.86
1099,29.02
1100,23.52
1101,22.96
1102,21.34
1103,20.25
1104,19.43
1105,19.24
1106,18.94
1107,19.79
1108,19.65
1109,20.98
1110,22.87
1111,24.69
1112,33.77
1113,34.64
1114,26.69
1115,22.07
1116,19.23
1117,18.75
1118,16.44
1119,15.63
1120,15.4
1121,18.18
1122,22.74
1123,19.04
1124,18.06
1125,17.8
1126,17.45
1127,16.55
1128,15.71
1129,16.6
1130,16.81
1131,17.36
1132,17.38
1133,17.44
1134,19.91
1135,21.92
1136,23.04
1137,22.77
1138,22.95
1139,24.15
1140,23.06
1141,21.08
1142,19.49
1143,19.28
1144,19.28
1145,24.0
1146,39.26
1147,22.79
1148,20.42
1149,19.14
1150,18.01
1151,17.52
1152,15.23
1153,15.22
1154,14.63
1155,15.42
1156,17.06
1157,19.28
1158,31.78
1159,31.09
1160,28.66
1161,27.8
1162,24.13
1163,23.57
1164,21.48
1165,20.06
1166,19.26
1167,18.76
1168,18.19
1169,21.97
1170,28.15
1171,22.23
1172,21.35
1173,20.97
1174,19.83
1175,18.64
1176,17.64
1177,18.11
1178,19.02
1179,19.02
1180,20.1
1181,22.31
1182,31.39
1183,30.18
1184,28.64
1185,28.85
1186,30.9
1187,27.73
1188,26.57
1189,27.15
1190,27.17
1191,27.68
1192,29.76
1193,33.64
1194,55.52
1195,39.9
1196,36.51
1197,31.32
1198,26.19
1199,23.82
1200,22.88
1201,20.47
1202,18.78
1203,17.8
1204,19.29
1205,21.54
1206,44.4
1207,29.03
1208,25.27
1209,22.86
1210,21.72
1211,19.81
1212,19.53
1213,18.9
1214,18.57
1215,18.88
1216,19.38
1217,22.91
1218,39.07
1219,26.87
1220,25.21
1221,23.79
1222,20.6
1223,18.7
1224,14.69
1225,16.67
1226,16.57
1227,14.72
1228,16.53
1229,18.33
1230,36.75
1231,29.09
1232,23.14
1233,21.98
1234,19.87
1235,18.47
1236,17.19
1237,16.55
1238,16.38
1239,16.84
1240,18.16
1241,20.71
1242,25.03
1243,21.45
1244,20.87
1245,19.58
1246,18.79
1247,17.56
1248,18.8
1249,18.55
1250,19.41
1251,19.06
1252,19.2
1253,21.26
1254,40.93
1255,33.57
1256,30.71
1257,31.16
1258,29.14
1259,25.91
1260,22.55
1261,22.37
1262,21.13
1263,20.14
1264,19.99
1265,20.99
1266,23.25
1267,20.34
1268,19.38
1269,18.21
1270,16.39
1271,15.07
1272,12.45
1273,6.48
1274,6.53
1275,7.46
1276,9.94
1277,13.35
1278,16.67
1279,18.25
1280,17.35
1281,17.11
1282,16.14
1283,14.99
1284,14.59
1285,13.39
1286,13.3
1287,14.37
1288,13.95
1289,17.15
1290,22.99
1291,24.97
1292,28.53
1293,31.17
1294,23.46
1295,20.83
1296,21.78
1297,20.91
1298,21.08
1299,20.93
1300,20.92
1301,22.11
1302,24.96
1303,28.6
1304,39.13
1305,36.3
1306,27.22
1307,22.96
1308,22.13
1309,20.86
1310,19.94
1311,18.93
1312,18.99
1313,20.7
1314,24.64
1315,19.74
1316,19.5
1317,17.79
1318,17.59
1319,16.32
1320,11.57
1321,13.69
1322,12.54
1323,13.7
1324,16.03
1325,17.18
1326,31.1
1327,29.66
1328,24.72
1329,19.86
1330,17.74
1331,15.82
1332,15.9
1333,16.16
1334,15.95
1335,16.34
1336,16.77
1337,19.9
1338,26.29
1339,20.2
1340,18.81
1341,17.26
1342,15.87
1343,15.91
1344,15.28
1345,10.82
1346,11.17
1347,13.81
1348,17.16
1349,17.51
1350,22.19
1351,21.14
1352,21.78
1353,22.23
1354,22.54
1355,22.48
1356,23.54
1357,23.02
1358,22.75
1359,22.12
1360,22.02
1361,24.74
1362,41.33
1363,22.43
1364,21.2
1365,19.75
1366,19.29
1367,16.83
1368,15.82
1369,14.21
1370,15.63
1371,15.73
1372,18.46
1373,19.03
1374,23.82
1375,21.87
1376,21.9
1377,23.14
1378,23.51
1379,24.2
1380,24.3
1381,23.79
1382,22.93
1383,23.49
1384,23.29
1385,23.65
1386,38.66
1387,26.24
1388,22.86
1389,22.9
1390,21.17
1391,19.99
1392,19.62
1393,19.32
1394,20.09
1395,19.94
1396,19.9
1397,22.73
1398,41.94
1399,31.99
1400,32.37
1401,35.03
1402,34.87
1403,32.54
1404,28.28
1405,26.21
1406,24.45
1407,23.62
1408,24.79
1409,28.3
1410,41.97
1411,27.3
1412,25.13
1413,23.57
1414,21.15
1415,19.61
1416,19.52
1417,19.48
1418,19.35
1419,18.64
1420,19.38
1421,22.17
1422,40.68
1423,29.83
1424,27.48
1425,36.55
1426,28.05
1427,25.6
1428,25.42
1429,25.28
1430,22.95
1431,23.29
1432,23.09
1433,24.86
1434,42.27
1435,26.42
1436,26.27
1437,25.94
1438,20.81
1439,20.71
1440,20.59
1441,19.4
1442,18.57
1443,18.9
1444,19.68
1445,20.38
1446,22.13
1447,24.42
1448,27.75
1449,34.17
1450,30.81
1451,28.74
1452,26.1
1453,23.72
1454,23.08
1455,23.49
1456,21.23
1457,23.56
1458,29.2
1459,24.38
1460,24.19
1461,24.02
1462,22.53
1463,21.57
1464,23.24
1465,22.1
1466,21.84
1467,19.98
1468,21.61
1469,17.35
1470,20.61
1471,21.02
1472,21.08
1473,21.36
1474,20.81
1475,21.2
1476,22.74
1477,22.2
1478,22.5
1479,22.49
1480,22.52
1481,24.25
1482,28.96
1483,30.13
1484,30.47
1485,30.71
1486,23.92
1487,23.36
1488,21.24
1489,21.62
1490,22.15
1491,22.84
1492,27.28
1493,34.65
1494,69.34
1495,65.94
1496,59.78
1497,61.4
1498,55.25
1499,50.99
1500,43.04
1501,39.9
1502,37.23
1503,38.67
1504,42.19
1505,89.7
1506,167.35
1507,118.65
1508,97.39
1509,60.07
1510,39.53
1511,33.27
1512,32.88
1513,33.75
1514,35.38
1515,34.51
1516,41.08
1517,75.19
1518,674.86
1519,569.54
1520,217.4
1521,81.03
1522,50.13
1523,43.74
1524,36.73
1525,32.62
1526,30.85
1527,30.78
1528,33.08
1529,36.71
1530,54.76
1531,50.47
1532,44.08
1533,39.32
1534,33.91
1535,32.25
1536,26.22
1537,25.9
1538,25.94
1539,25.45
1540,28.48
1541,37.14
1542,96.76
1543,52.86
1544,36.08
1545,32.51
1546,29.18
1547,25.05
1548,22.72
1549,20.57
1550,19.5
1551,18.68
1552,19.07
1553,21.41
1554,30.99
1555,28.1
1556,22.92
1557,21.44
1558,20.17
1559,20.87
1560,14.06
1561,13.8
1562,13.28
1563,13.71
1564,15.13
1565,18.48
1566,31.33
1567,31.78
1568,28.63
1569,27.35
1570,24.73
1571,22.95
1572,21.74
1573,18.82
1574,18.89
1575,18.0
1576,17.99
1577,18.15
1578,22.01
1579,18.28
1580,17.39
1581,16.43
1582,12.58
1583,11.26
1584,10.15
1585,10.53
1586,10.77
1587,12.69
1588,15.14
1589,19.38
1590,25.0
1591,22.67
1592,23.91
1593,29.02
1594,34.8
1595,34.29
1596,28.25
1597,26.79
1598,24.05
1599,25.82
1600,22.97
1601,23.26
1602,22.67
1603,21.08
1604,17.52
1605,16.22
1606,13.06
1607,10.7
1608,11.65
1609,10.93
1610,10.75
1611,9.63
1612,8.44
1613,11.3
1614,11.1
1615,12.83
1616,18.91
1617,20.34
1618,22.97
1619,25.31
1620,28.75
1621,27.05
1622,29.02
1623,32.3
1624,36.12
1625,36.89
1626,45.44
1627,44.98
1628,30.97
1629,29.46
1630,27.52
1631,22.72
1632,25.52
1633,20.35
1634,18.84
1635,19.24
1636,19.29
1637,21.48
1638,22.25
1639,26.3
1640,26.37
1641,27.42
1642,28.27
1643,28.59
1644,28.49
1645,25.1
1646,25.14
1647,28.47
1648,27.86
1649,33.55
1650,44.94
1651,33.03
1652,28.36
1653,24.54
1654,22.52
1655,18.63
1656,18.46
1657,18.96
1658,18.31
1659,19.13
1660,22.23
1661,32.58
1662,36.02
1663,29.29
1664,31.7
1665,37.15
1666,38.24
1667,30.8
1668,30.6
1669,28.34
1670,28.39
1671,29.6
1672,30.15
1673,43.78
1674,46.24
1675,32.91
1676,27.48
1677,22.08
1678,21.14
1679,20.48
1680,19.82
1681,18.46
1682,18.0
1683,18.17
1684,19.55
1685,30.31
1686,31.01
1687,27.11
1688,34.6
1689,25.98
1690,23.18
1691,22.35
1692,20.43
1693,18.78
1694,17.99
1695,16.28
1696,17.1
1697,20.54
1698,19.17
1699,17.6
1700,15.51
1701,14.91
1702,12.71
1703,8.48
1704,7.87
1705,8.01
1706,7.7
1707,8.11
1708,10.44
1709,16.3
1710,17.72
1711,17.56
1712,18.07
1713,18.33
1714,18.38
1715,18.11
1716,23.18
1717,22.06
1718,22.12
1719,22.5
1720,21.26
1721,30.55
1722,24.53
1723,22.7
1724,16.37
1725,14.93
1726,10.48
1727,11.45
1728,10.3
1729,9.11
1730,9.23
1731,12.65
1732,15.47
1733,20.47
1734,22.97
1735,23.01
1736,22.14
1737,22.25
1738,22.69
1739,20.86
1740,21.65
1741,22.09
1742,22.29
1743,23.56
1744,25.4
1745,32.86
1746,44.7
1747,35.25
1748,23.64
1749,19.72
1750,16.41
1751,16.98
1752,15.56
1753,15.21
1754,14.2
1755,16.3
1756,19.13
1757,29.94
1758,31.87
1759,29.96
1760,31.0
1761,27.51
1762,25.08
1763,24.17
1764,24.67
1765,23.97
1766,24.56
1767,24.82
1768,28.15
1769,34.18
1770,44.79
1771,45.51
1772,33.41
1773,25.66
1774,22.81
1775,26.1
1776,24.09
1777,23.24
1778,22.28
1779,22.27
1780,25.03
1781,31.82
1782,35.04
1783,47.79
1784,57.24
1785,47.0
1786,36.66
1787,31.21
1788,25.97
1789,24.98
1790,24.69
1791,24.02
1792,26.06
1793,31.17
1794,40.5
1795,37.95
1796,31.95
1797,28.95
1798,25.6
1799,23.94
1800,23.23
1801,21.66
1802,21.63
1803,22.3
1804,22.85
1805,27.13
1806,32.7
1807,43.59
1808,48.17
1809,35.69
1810,29.99
1811,25.43
1812,23.44
1813,22.62
1814,22.54
1815,22.46
1816,24.79
1817,28.08
1818,38.82
1819,36.27
1820,28.05
1821,24.93
1822,21.42
1823,21.37
1824,20.13
1825,20.63
1826,21.5
1827,23.39
1828,34.01
1829,81.8
1830,76.09
1831,49.86
1832,48.85
1833,43.35
1834,38.68
1835,29.97
1836,27.46
1837,26.64
1838,26.43
1839,25.26
1840,26.62
1841,28.53
1842,28.86
1843,31.63
1844,24.78
1845,25.04
1846,21.36
1847,15.28
1848,14.78
1849,14.6
1850,15.13
1851,16.52
1852,20.87
1853,37.72
1854,47.55
1855,35.3
1856,32.52
1857,29.07
1858,25.82
1859,23.88
1860,22.8
1861,24.78
1862,24.75
1863,25.39
1864,24.71
1865,31.09
1866,32.1
1867,29.94
1868,24.86
1869,21.14
1870,18.23
1871,13.68
1872,14.64
1873,16.18
1874,16.25
1875,19.47
1876,22.69
1877,34.77
1878,37.41
1879,30.98
1880,28.77
1881,27.91
1882,26.64
1883,25.0
1884,24.87
1885,26.07
1886,26.51
1887,30.78
1888,32.86
1889,42.69
1890,54.51
1891,51.88
1892,29.75
1893,27.63
1894,24.66
1895,20.07
1896,18.94
1897,19.46
1898,18.7
1899,19.92
1900,22.92
1901,47.52
1902,50.62
1903,36.08
1904,36.65
1905,30.25
1906,28.77
1907,25.63
1908,26.4
1909,26.45
1910,28.55
1911,31.82
1912,31.94
1913,34.17
1914,41.55
1915,39.57
1916,26.37
1917,23.72
1918,20.02
1919,13.78
1920,12.34
1921,13.11
1922,12.99
1923,15.41
1924,18.43
1925,27.84
1926,23.87
1927,23.23
1928,26.43
1929,20.75
1930,19.5
1931,18.63
1932,18.9
1933,18.72
1934,18.48
1935,18.65
1936,18.18
1937,17.31
1938,18.41
1939,18.34
1940,16.97
1941,15.84
1942,12.13
1943,10.61
1944,10.04
1945,10.14
1946,11.1
1947,12.77
1948,14.21
1949,17.22
1950,19.14
1951,22.31
1952,22.67
1953,22.45
1954,22.52
1955,21.42
1956,22.72
1957,22.41
1958,22.54
1959,22.69
1960,23.89
1961,24.32
1962,33.63
1963,28.51
1964,22.11
1965,20.01
1966,18.21
1967,14.26
1968,12.34
1969,10.53
1970,9.68
1971,11.7
1972,12.52
1973,13.42
1974,15.63
1975,19.72
1976,20.77
1977,24.0
1978,25.32
1979,26.53
1980,27.44
1981,27.75
1982,30.74
1983,37.81
1984,36.29
1985,37.75
1986,46.44
1987,43.88
1988,27.56
1989,25.92
1990,21.98
1991,19.87
1992,18.81
1993,19.24
1994,18.59
1995,19.85
1996,22.72
1997,29.33
1998,27.88
1999,28.9
2000,27.8
2001,30.03
2002,30.83
2003,33.0
2004,33.03
2005,40.1
2006,46.49
2007,57.42
2008,43.95
2009,43.23
2010,42.9
2011,41.82
2012,30.05
2013,24.15
2014,21.14
2015,15.2
2016,14.22
2017,15.69
2018,14.8
2019,15.24
2020,17.95
2021,24.22
2022,23.72
2023,23.84
2024,24.99
2025,23.68
2026,23.52
2027,23.67
2028,23.95
2029,24.66
2030,25.85
2031,29.13
2032,27.13
2033,26.33
2034,26.19
2035,24.92
2036,19.89
2037,16.2
2038,13.43
2039,10.57
2040,8.05
2041,7.69
2042,8.36
2043,11.2
2044,14.06
2045,32.98
2046,21.31
2047,20.58
2048,25.05
2049,16.84
2050,16.01
2051,15.23
2052,16.57
2053,16.63
2054,16.95
2055,17.02
2056,16.64
2057,16.96
2058,16.64
2059,17.93
2060,14.98
2061,10.84
2062,8.02
2063,7.39
2064,6.95
2065,6.1
2066,5.95
2067,8.01
2068,11.47
2069,17.19
2070,17.94
2071,17.57
2072,18.42
2073,18.41
2074,19.0
2075,20.32
2076,20.05
2077,22.23
2078,21.92
2079,21.77
2080,21.51
2081,20.49
2082,20.03
2083,18.34
2084,16.69
2085,15.13
2086,11.44
2087,8.24
2088,6.74
2089,6.52
2090,6.83
2091,8.56
2092,12.61
2093,20.56
2094,21.69
2095,20.68
2096,19.47
2097,20.46
2098,21.31
2099,21.75
2100,23.19
2101,27.06
2102,30.24
2103,37.59
2104,28.86
2105,25.0
2106,35.05
2107,23.78
2108,19.95
2109,19.64
2110,13.39
2111,9.1
2112,9.06
2113,8.67
2114,7.42
2115,11.93
2116,10.1
2117,7.71
2118,9.38
2119,11.95
2120,14.5
2121,16.29
2122,17.31
2123,16.62
2124,16.32
2125,17.51
2126,16.23
2127,15.99
2128,16.77
2129,17.81
2130,23.71
2131,31.48
2132,20.69
2133,19.57
2134,18.75
2135,19.52
2136,18.74
2137,18.01
2138,18.33
2139,18.64
2140,18.63
2141,20.35
2142,22.34
2143,24.5
2144,29.4
2145,29.35
2146,28.78
2147,26.94
2148,24.75
2149,21.92
2150,21.62
2151,23.21
2152,25.64
2153,28.65
2154,40.34
2155,48.65
2156,31.58
2157,26.15
2158,25.37
2159,22.66
2160,21.88
2161,22.03
2162,22.95
2163,24.84
2164,34.04
2165,92.48
2166,77.63
2167,52.92
2168,44.61
2169,34.11
2170,30.8
2171,26.28
2172,25.53
2173,23.69
2174,23.32
2175,24.24
2176,25.93
2177,31.31
2178,41.88
2179,37.95
2180,24.55
2181,21.56
2182,19.27
2183,13.96
2184,11.54
2185,10.34
2186,10.31
2187,12.64
2188,18.72
2189,36.66
2190,32.68
2191,22.7
2192,21.75
2193,18.07
2194,17.54
2195,17.11
2196,18.16
2197,17.9
2198,16.58
2199,16.96
2200,16.1
2201,15.86
2202,15.74
2203,16.4
2204,13.98
2205,12.3
2206,9.69
2207,7.08
2208,5.8
2209,4.74
2210,4.91
2211,5.48
2212,12.43
2213,24.06
2214,18.07
2215,16.2
2216,17.17
2217,16.52
2218,16.23
2219,16.1
2220,16.81
2221,16.18
2222,16.44
2223,16.03
2224,15.61
2225,16.76
2226,18.93
2227,20.66
2228,15.74
2229,11.67
2230,7.71
2231,11.17
2232,10.04
2233,7.88
2234,8.2
2235,12.41
2236,17.07
2237,22.03
2238,26.06
2239,24.55
2240,21.02
2241,22.35
2242,27.98
2243,29.25
2244,38.1
2245,41.0
2246,63.18
2247,86.48
2248,69.0
2249,40.31
2250,46.24
2251,38.03
2252,25.19
2253,27.83
2254,21.34
2255,18.9
2256,17.39
2257,16.67
2258,14.3
2259,16.58
2260,18.67
2261,22.86
2262,21.51
2263,22.27
2264,25.57
2265,25.56
2266,23.79
2267,24.84
2268,27.52
2269,33.1
2270,34.55
2271,37.59
2272,29.84
2273,22.62
2274,23.56
2275,22.67
2276,19.25
2277,19.57
2278,18.81
2279,16.44
2280,16.69
2281,15.78
2282,15.26
2283,17.93
2284,20.2
2285,18.58
2286,18.16
2287,19.91
2288,21.74
2289,23.35
2290,22.91
2291,21.02
2292,20.31
2293,22.94
2294,23.96
2295,27.73
2296,27.74
2297,27.43
2298,27.69
2299,27.86
2300,19.43
2301,19.46
2302,18.27
2303,19.07
2304,17.63
2305,16.95
2306,16.37
2307,16.87
2308,18.08
2309,17.72
2310,19.25
2311,20.6
2312,21.07
2313,21.78
2314,22.37
2315,21.55
2316,21.56
2317,24.64
2318,25.08
2319,28.16
2320,30.89
2321,30.4
2322,37.09
2323,43.26
2324,27.78
2325,27.38
2326,21.5
2327,18.98
2328,17.96
2329,17.47
2330,17.56
2331,18.74
2332,21.76
2333,26.45
2334,21.49
2335,22.61
2336,25.95
2337,26.88
2338,30.74
2339,32.56
2340,37.71
2341,47.24
2342,75.36
2343,95.67
2344,82.98
2345,50.75
2346,50.65
2347,44.25
2348,33.02
2349,27.05
2350,21.22
2351,20.17
2352,18.23
2353,16.71
2354,16.16
2355,16.9
2356,19.13
2357,21.09
2358,20.88
2359,20.64
2360,24.2
2361,27.64
2362,29.34
2363,30.93
2364,37.78
2365,47.23
2366,91.95
2367,103.18
2368,99.59
2369,38.47
2370,30.93
2371,20.14
2372,17.06
2373,16.12
2374,12.9
2375,11.29
2376,9.18
2377,7.19
2378,6.58
2379,7.3
2380,10.06
2381,17.15
2382,15.89
2383,15.16
2384,16.38
2385,16.82
2386,18.56
2387,18.8
2388,23.42
2389,24.47
2390,45.33
2391,65.1
2392,51.66
2393,37.39
2394,29.2
2395,27.71
2396,22.43
2397,21.47
2398,18.02
2399,11.88
2400,8.45
2401,5.97
2402,6.02
2403,6.79
2404,12.33
2405,21.32
2406,17.81
2407,17.6
2408,17.61
2409,20.59
2410,21.46
2411,22.36
2412,24.79
2413,32.23
2414,35.18
2415,51.03
2416,42.41
2417,30.03
2418,35.98
2419,34.21
2420,23.23
2421,22.16
2422,19.84
2423,19.15
2424,17.6
2425,16.3
2426,15.94
2427,17.14
2428,24.28
2429,27.33
2430,21.73
2431,21.77
2432,24.39
2433,23.82
2434,22.44
2435,22.33
2436,23.83
2437,28.47
2438,29.3
2439,44.79
2440,30.33
2441,22.35
2442,21.15
2443,19.76
2444,19.05
2445,19.44
2446,18.47
2447,16.32
2448,15.05
2449,12.93
2450,11.79
2451,11.95
2452,13.92
2453,15.86
2454,17.0
2455,18.36
2456,19.95
2457,21.82
2458,20.46
2459,19.23
2460,18.08
2461,17.29
2462,18.74
2463,19.43
2464,18.9
2465,18.81
2466,22.01
2467,24.21
2468,20.76
2469,18.4
2470,16.27
2471,17.31
2472,17.14
2473,16.86
2474,16.86
2475,17.48
2476,18.97
2477,22.42
2478,23.2
2479,29.07
2480,31.21
2481,29.59
2482,28.45
2483,23.58
2484,22.53
2485,20.36
2486,19.85
2487,20.44
2488,20.87
2489,21.74
2490,24.18
2491,22.76
2492,18.3
2493,15.55
2494,10.6
2495,7.36
2496,6.65
2497,5.31
2498,5.94
2499,7.16
2500,10.21
2501,19.03
2502,17.4
2503,16.41
2504,17.06
2505,15.65
2506,14.73
2507,13.99
2508,14.99
2509,15.82
2510,16.7
2511,18.43
2512,20.23
2513,19.8
2514,17.72
2515,17.8
2516,14.06
2517,10.15
2518,6.69
2519,6.58
2520,4.99
2521,4.79
2522,4.95
2523,5.95
2524,8.49
2525,14.93
2526,15.48
2527,14.51
2528,17.18
2529,17.11
2530,17.17
2531,16.88
2532,18.36
2533,18.22
2534,23.22
2535,19.95
2536,19.09
2537,18.09
2538,17.52
2539,18.06
2540,16.48
2541,14.22
2542,8.81
2543,7.47
2544,6.84
2545,5.98
2546,6.57
2547,6.62
2548,13.72
2549,18.6
2550,18.66
2551,17.64
2552,17.9
2553,20.4
2554,20.94
2555,20.64
2556,19.67
2557,19.65
2558,25.86
2559,23.61
2560,20.52
2561,20.95
2562,23.14
2563,27.0
2564,20.12
2565,18.69
2566,13.56
2567,16.75
2568,15.27
2569,10.38
2570,7.91
2571,8.34
2572,13.2
2573,16.14
2574,15.16
2575,13.97
2576,14.49
2577,15.84
2578,15.22
2579,14.46
2580,16.36
2581,15.58
2582,15.29
2583,17.05
2584,17.97
2585,19.85
2586,24.43
2587,35.88
2588,25.67
2589,22.03
2590,19.84
2591,16.51
2592,15.5
2593,14.61
2594,15.54
2595,16.32
2596,17.9
2597,23.22
2598,22.08
2599,20.9
2600,20.55
2601,20.57
2602,21.46
2603,21.42
2604,22.5
2605,22.78
2606,23.7
2607,31.55
2608,35.6
2609,33.43
2610,34.1
2611,37.1
2612,26.06
2613,21.84
2614,19.21
2615,20.43
2616,17.44
2617,16.65
2618,13.08
2619,11.7
2620,12.86
2621,16.79
2622,16.13
2623,18.55
2624,19.24
2625,20.15
2626,19.03
2627,19.29
2628,17.0
2629,17.65
2630,20.3
2631,22.73
2632,20.0
2633,17.84
2634,17.49
2635,15.93
2636,12.78
2637,9.13
2638,7.19
2639,6.16
2640,5.4
2641,4.54
2642,4.4
2643,4.69
2644,5.35
2645,5.34
2646,6.18
2647,9.64
2648,12.86
2649,12.04
2650,15.61
2651,16.77
2652,17.34
2653,18.09
2654,20.35
2655,22.64
2656,22.94
2657,23.35
2658,23.23
2659,31.82
2660,16.03
2661,13.82
2662,9.18
2663,11.73
2664,8.97
2665,8.52
2666,9.81
2667,11.09
2668,17.03
2669,16.92
2670,19.13
2671,19.49
2672,20.22
2673,20.75
2674,22.8
2675,23.51
2676,27.11
2677,29.37
2678,37.9
2679,49.68
2680,40.83
2681,28.05
2682,27.14
2683,31.02
2684,25.4
2685,22.78
2686,19.69
2687,19.59
2688,17.58
2689,16.97
2690,16.6
2691,17.07
2692,20.51
2693,23.67
2694,22.4
2695,22.59
2696,24.11
2697,24.51
2698,24.21
2699,22.78
2700,25.27
2701,29.74
2702,35.0
2703,43.18
2704,32.46
2705,28.55
2706,28.26
2707,38.02
2708,22.51
2709,22.67
2710,20.19
2711,19.41
2712,18.38
2713,17.75
2714,17.71
2715,18.33
2716,19.73
2717,25.57
2718,24.12
2719,24.22
2720,24.87
2721,22.89
2722,24.36
2723,24.79
2724,27.53
2725,30.82
2726,32.29
2727,37.26
2728,32.92
2729,31.15
2730,34.46
2731,53.95
2732,30.77
2733,30.77
2734,24.24
2735,20.85
2736,19.4
2737,18.59
2738,17.7
2739,17.89
2740,19.58
2741,27.6
2742,26.44
2743,25.35
2744,23.15
2745,25.26
2746,25.31
2747,22.82
2748,28.55
2749,31.83
2750,36.7
2751,53.95
2752,50.17
2753,43.26
2754,38.47
2755,46.64
2756,30.96
2757,27.3
2758,22.51
2759,14.88
2760,14.77
2761,14.16
2762,13.72
2763,14.19
2764,17.84
2765,23.4
2766,22.18
2767,22.38
2768,21.84
2769,22.66
2770,23.56
2771,23.31
2772,27.81
2773,31.49
2774,41.95
2775,43.62
2776,35.73
2777,25.71
2778,22.69
2779,22.26
2780,19.65
2781,15.57
2782,11.61
2783,9.04
2784,8.1
2785,6.26
2786,5.73
2787,7.25
2788,6.53
2789,10.27
2790,11.31
2791,13.41
2792,16.97
2793,18.3
2794,21.04
2795,21.37
2796,23.71
2797,28.91
2798,38.08
2799,51.81
2800,46.32
2801,34.41
2802,26.39
2803,27.03
2804,24.53
2805,21.98
2806,20.73
2807,15.9
2808,14.61
2809,13.21
2810,12.04
2811,12.83
2812,14.1
2813,16.8
2814,19.02
2815,20.36
2816,21.71
2817,23.32
2818,25.94
2819,23.11
2820,27.3
2821,25.44
2822,25.51
2823,24.4
2824,21.46
2825,19.44
2826,21.1
2827,21.14
2828,17.47
2829,12.95
2830,10.05
2831,7.99
2832,6.59
2833,5.7
2834,5.35
2835,7.46
2836,12.35
2837,18.83
2838,19.16
2839,19.68
2840,18.88
2841,20.23
2842,22.14
2843,22.04
2844,28.05
2845,30.06
2846,37.39
2847,60.54
2848,40.83
2849,30.85
2850,27.13
2851,25.05
2852,23.83
2853,22.46
2854,19.51
2855,20.28
2856,17.57
2857,16.16
2858,14.43
2859,13.53
2860,16.68
2861,20.49
2862,21.82
2863,17.13
2864,16.8
2865,18.19
2866,18.99
2867,23.82
2868,21.38
2869,31.96
2870,40.87
2871,49.21
2872,29.52
2873,26.17
2874,20.93
2875,23.81
2876,18.97
2877,18.29
2878,16.47
2879,24.59
2880,21.6
2881,18.28
2882,18.12
2883,19.17
2884,20.98
2885,23.99
2886,23.63
2887,25.09
2888,26.83
2889,25.17
2890,25.27
2891,27.15
2892,29.82
2893,35.42
2894,43.61
2895,51.77
2896,36.43
2897,27.5
2898,28.08
2899,28.28
2900,22.55
2901,22.6
2902,20.65
2903,20.71
2904,18.6
2905,17.14
2906,16.74
2907,17.44
2908,21.44
2909,26.15
2910,23.3
2911,24.11
2912,24.14
2913,25.89
2914,29.06
2915,31.95
2916,38.7
2917,52.81
2918,59.48
2919,63.55
2920,46.16
2921,31.91
2922,30.94
2923,34.14
2924,28.35
2925,30.77
2926,25.31
2927,23.18
2928,21.81
2929,20.71
2930,20.23
2931,20.74
2932,24.15
2933,29.56
2934,30.0
2935,30.0
2936,30.04
2937,30.0
2938,31.43
2939,29.63
2940,33.61
2941,35.83
2942,40.29
2943,39.42
2944,32.58
2945,28.12
2946,27.89
2947,33.26
2948,26.84
2949,30.22
2950,26.09
2951,22.43
2952,20.18
2953,19.95
2954,19.23
2955,21.22
2956,21.55
2957,22.52
2958,23.5
2959,24.6
2960,26.77
2961,29.0
2962,30.07
2963,31.49
2964,34.52
2965,39.07
2966,54.4
2967,63.35
2968,52.05
2969,38.82
2970,33.38
2971,33.57
2972,27.16
2973,24.9
2974,21.2
2975,18.98
2976,16.59
2977,14.95
2978,13.88
2979,13.94
2980,14.95
2981,17.17
2982,17.82
2983,19.72
2984,19.68
2985,19.81
2986,21.3
2987,24.16
2988,28.46
2989,30.56
2990,38.56
2991,47.57
2992,37.35
2993,30.44
2994,29.15
2995,27.59
2996,23.87
2997,20.26
2998,18.9
2999,13.37
3000,11.37
3001,11.15
3002,11.88
3003,14.13
3004,17.58
3005,21.34
3006,20.75
3007,21.88
3008,19.84
3009,21.1
3010,22.81
3011,26.58
3012,29.44
3013,33.03
3014,41.8
3015,42.33
3016,34.54
3017,24.08
3018,25.89
3019,24.78
3020,21.32
3021,20.51
3022,18.4
3023,17.88
3024,15.82
3025,15.54
3026,15.89
3027,17.15
3028,20.12
3029,22.51
3030,22.02
3031,20.89
3032,20.75
3033,21.4
3034,22.6
3035,22.34
3036,23.75
3037,28.77
3038,23.45
3039,26.95
3040,24.33
3041,23.85
3042,21.82
3043,22.12
3044,19.78
3045,21.43
3046,19.58
3047,16.87
3048,16.03
3049,14.65
3050,14.7
3051,15.74
3052,18.83
3053,23.46
3054,22.59
3055,22.05
3056,22.07
3057,20.42
3058,23.69
3059,27.95
3060,30.94
3061,32.76
3062,36.01
3063,41.14
3064,35.55
3065,25.28
3066,31.38
3067,34.0
3068,26.05
3069,24.37
3070,20.52
3071,17.27
3072,17.29
3073,15.94
3074,14.96
3075,18.79
3076,20.34
3077,25.21
3078,23.46
3079,24.17
3080,24.31
3081,26.83
3082,27.5
3083,26.66
3084,32.35
3085,38.08
3086,49.04
3087,37.52
3088,24.4
3089,21.34
3090,21.72
3091,23.04
3092,20.41
3093,19.87
3094,16.97
3095,16.84
3096,13.57
3097,12.35
3098,12.54
3099,18.0
3100,20.0
3101,20.6
3102,20.0
3103,20.0
3104,20.0
3105,20.0
3106,20.57
3107,21.51
3108,22.64
3109,25.51
3110,23.51
3111,23.85
3112,22.6
3113,21.91
3114,22.7
3115,24.45
3116,23.47
3117,23.4
3118,21.16
3119,18.58
3120,17.57
3121,16.87
3122,16.8
3123,16.51
3124,17.0
3125,19.52
3126,19.47
3127,21.89
3128,22.6
3129,23.52
3130,25.57
3131,23.79
3132,25.14
3133,26.43
3134,29.73
3135,33.92
3136,31.03
3137,28.73
3138,27.57
3139,28.64
3140,25.34
3141,21.78
3142,19.57
3143,18.62
3144,17.79
3145,16.81
3146,16.07
3147,16.35
3148,17.02
3149,18.7
3150,19.03
3151,21.14
3152,21.73
3153,24.56
3154,23.98
3155,23.85
3156,26.89
3157,28.49
3158,36.02
3159,45.55
3160,37.41
3161,31.5
3162,30.98
3163,31.14
3164,26.23
3165,22.0
3166,19.82
3167,17.02
3168,14.24
3169,13.11
3170,13.02
3171,14.11
3172,17.13
3173,21.21
3174,20.95
3175,21.58
3176,21.57
3177,23.98
3178,26.98
3179,23.75
3180,29.29
3181,33.34
3182,47.74
3183,44.51
3184,36.96
3185,27.46
3186,26.33
3187,24.46
3188,22.8
3189,21.67
3190,19.59
3191,17.54
3192,16.36
3193,14.99
3194,15.05
3195,15.68
3196,17.74
3197,23.16
3198,23.02
3199,24.58
3200,24.68
3201,26.04
3202,28.29
3203,30.44
3204,40.52
3205,46.89
3206,67.33
3207,60.2
3208,47.34
3209,33.91
3210,32.52
3211,30.22
3212,24.43
3213,22.07
3214,19.39
3215,16.66
3216,14.95
3217,13.45
3218,13.07
3219,13.59
3220,16.57
3221,21.67
3222,20.62
3223,22.29
3224,21.94
3225,24.52
3226,27.63
3227,31.59
3228,43.77
3229,47.78
3230,59.24
3231,59.12
3232,45.1
3233,32.44
3234,28.42
3235,27.33
3236,21.59
3237,20.52
3238,17.7
3239,16.27
3240,13.48
3241,12.04
3242,11.13
3243,12.38
3244,16.3
3245,18.43
3246,19.25
3247,19.42
3248,20.22
3249,19.88
3250,21.31
3251,23.68
3252,24.72
3253,35.01
3254,35.78
3255,37.06
3256,32.2
3257,23.37
3258,21.2
3259,21.31
3260,21.8
3261,18.5
3262,17.2
3263,14.44
3264,14.12
3265,9.03
3266,10.62
3267,10.77
3268,14.82
3269,17.11
3270,15.3
3271,16.41
3272,16.98
3273,18.19
3274,19.46
3275,20.32
3276,21.98
3277,28.44
3278,26.48
3279,25.87
3280,25.0
3281,20.3
3282,20.34
3283,21.08
3284,19.56
3285,20.31
3286,17.73
3287,17.03
3288,16.14
3289,14.24
3290,13.27
3291,14.24
3292,14.03
3293,18.16
3294,18.2
3295,18.78
3296,19.76
3297,20.06
3298,20.65
3299,20.16
3300,20.25
3301,22.91
3302,23.56
3303,24.31
3304,23.92
3305,20.48
3306,21.3
3307,29.64
3308,23.22
3309,21.04
3310,19.76
3311,18.56
3312,18.15
3313,18.36
3314,18.18
3315,18.35
3316,18.58
3317,19.72
3318,19.58
3319,22.34
3320,25.34
3321,27.93
3322,30.27
3323,32.19
3324,41.78
3325,52.76
3326,52.7
3327,57.74
3328,50.0
3329,30.45
3330,25.42
3331,23.37
3332,23.07
3333,19.65
3334,18.44
3335,17.07
3336,15.21
3337,12.19
3338,11.92
3339,12.73
3340,13.85
3341,18.39
3342,18.09
3343,17.87
3344,17.63
3345,17.6
3346,22.72
3347,19.57
3348,29.07
3349,22.67
3350,25.46
3351,24.62
3352,29.74
3353,23.59
3354,18.5
3355,25.68
3356,22.11
3357,16.91
3358,17.55
3359,17.32
3360,14.96
3361,13.36
3362,13.43
3363,13.77
3364,15.24
3365,18.0
3366,17.95
3367,17.51
3368,17.7
3369,18.44
3370,18.89
3371,21.76
3372,25.19
3373,23.86
3374,26.23
3375,28.87
3376,29.55
3377,24.08
3378,23.52
3379,23.51
3380,21.98
3381,19.45
3382,18.46
3383,16.92
3384,15.45
3385,16.07
3386,12.09
3387,13.52
3388,15.31
3389,19.18
3390,20.13
3391,20.85
3392,21.5
3393,22.14
3394,22.67
3395,22.35
3396,28.5
3397,31.39
3398,35.56
3399,34.39
3400,39.05
3401,24.79
3402,22.62
3403,22.93
3404,21.46
3405,20.06
3406,19.68
3407,17.03
3408,15.41
3409,15.86
3410,14.15
3411,14.66
3412,16.28
3413,17.22
3414,16.16
3415,16.42
3416,17.24
3417,18.29
3418,19.28
3419,23.01
3420,26.6
3421,26.77
3422,31.64
3423,31.13
3424,35.81
3425,30.24
3426,23.15
3427,22.3
3428,21.25
3429,19.19
3430,19.32
3431,17.42
3432,16.9
3433,17.8
3434,17.72
3435,17.65
3436,21.18
3437,21.76
3438,20.55
3439,20.31
3440,21.1
3441,21.48
3442,22.97
3443,23.35
3444,34.21
3445,28.84
3446,35.23
3447,37.83
3448,29.55
3449,28.18
3450,29.28
3451,26.35
3452,25.16
3453,22.03
3454,19.6
3455,16.93
3456,16.19
3457,15.97
3458,15.5
3459,15.8
3460,16.33
3461,16.47
3462,17.29
3463,20.49
3464,20.13
3465,19.37
3466,20.9
3467,24.21
3468,26.22
3469,25.72
3470,40.58
3471,35.65
3472,26.44
3473,24.81
3474,22.48
3475,21.11
3476,22.57
3477,19.95
3478,19.36
3479,16.83
3480,15.74
3481,16.91
3482,16.4
3483,15.93
3484,16.51
3485,16.86
3486,16.85
3487,18.46
3488,17.51
3489,17.04
3490,17.88
3491,18.59
3492,22.61
3493,19.76
3494,23.55
3495,25.75
3496,23.83
3497,22.3
3498,20.77
3499,19.27
3500,18.42
3501,17.1
3502,17.36
3503,16.79
3504,16.84
3505,14.84
3506,14.34
3507,16.64
3508,13.45
3509,16.89
3510,16.61
3511,19.07
3512,18.59
3513,18.62
3514,19.99
3515,23.07
3516,22.56
3517,25.37
3518,30.09
3519,32.7
3520,26.83
3521,22.21
3522,20.63
3523,20.8
3524,19.96
3525,17.96
3526,17.82
3527,15.92
3528,15.04
3529,14.77
3530,14.69
3531,14.65
3532,16.94
3533,17.79
3534,18.28
3535,18.93
3536,19.76
3537,20.02
3538,22.01
3539,28.45
3540,30.9
3541,33.17
3542,41.09
3543,53.25
3544,35.84
3545,28.42
3546,27.13
3547,27.38
3548,24.32
3549,22.15
3550,20.42
3551,18.01
3552,16.98
3553,16.76
3554,16.54
3555,16.22
3556,17.42
3557,18.27
3558,20.36
3559,20.55
3560,20.6
3561,21.68
3562,22.7
3563,26.03
3564,31.89
3565,37.59
3566,39.2
3567,43.26
3568,31.09
3569,24.91
3570,22.76
3571,25.33
3572,22.68
3573,21.49
3574,20.36
3575,19.39
3576,18.65
3577,17.9
3578,17.62
3579,17.95
3580,19.27
3581,23.03
3582,22.53
3583,22.65
3584,23.56
3585,25.25
3586,27.17
3587,29.7
3588,31.59
3589,38.16
3590,46.16
3591,41.56
3592,29.74
3593,26.03
3594,22.93
3595,24.52
3596,21.86
3597,22.3
3598,20.92
3599,21.53
3600,20.14
3601,19.7
3602,19.51
3603,19.94
3604,20.04
3605,21.25
3606,21.66
3607,22.49
3608,23.24
3609,26.76
3610,28.67
3611,30.67
3612,30.95
3613,35.87
3614,46.92
3615,48.05
3616,32.94
3617,29.44
3618,27.53
3619,25.6
3620,24.71
3621,25.0
3622,21.29
3623,21.53
3624,20.03
3625,19.01
3626,18.53
3627,18.34
3628,18.44
3629,18.33
3630,19.41
3631,21.51
3632,25.11
3633,27.97
3634,31.5
3635,35.62
3636,38.98
3637,48.68
3638,61.45
3639,58.3
3640,44.81
3641,34.07
3642,30.03
3643,29.96
3644,28.14
3645,27.18
3646,22.93
3647,19.0
3648,18.14
3649,17.47
3650,17.0
3651,16.67
3652,16.67
3653,17.19
3654,17.6
3655,19.95
3656,23.27
3657,26.4
3658,30.21
3659,34.23
3660,41.2
3661,42.29
3662,55.0
3663,56.06
3664,38.64
3665,33.97
3666,28.75
3667,28.52
3668,26.14
3669,24.88
3670,21.74
3671,18.31
3672,16.93
3673,16.18
3674,15.98
3675,16.27
3676,16.97
3677,20.58
3678,20.76
3679,21.18
3680,22.85
3681,24.11
3682,29.24
3683,34.34
3684,39.1
3685,49.45
3686,55.74
3687,52.0
3688,38.21
3689,32.49
3690,28.83
3691,27.18
3692,22.38
3693,20.98
3694,19.41
3695,18.46
3696,16.15
3697,15.52
3698,15.08
3699,15.71
3700,18.51
3701,20.09
3702,21.06
3703,23.45
3704,22.34
3705,26.53
3706,28.81
3707,31.59
3708,38.41
3709,48.89
3710,52.54
3711,46.73
3712,36.97
3713,30.95
3714,27.71
3715,26.77
3716,23.99
3717,22.42
3718,20.72
3719,20.37
3720,19.43
3721,18.6
3722,18.14
3723,18.96
3724,20.43
3725,23.21
3726,22.72
3727,25.25
3728,25.51
3729,31.82
3730,33.64
3731,30.22
3732,32.14
3733,37.73
3734,39.55
3735,35.17
3736,28.73
3737,25.93
3738,26.3
3739,23.37
3740,20.94
3741,21.14
3742,20.0
3743,19.04
3744,18.33
3745,17.85
3746,16.92
3747,18.24
3748,19.37
3749,21.23
3750,21.89
3751,24.19
3752,25.57
3753,27.19
3754,32.16
3755,39.14
3756,41.02
3757,60.85
3758,74.64
3759,58.01
3760,42.97
3761,30.09
3762,29.81
3763,28.51
3764,25.76
3765,26.06
3766,21.48
3767,16.72
3768,15.62
3769,15.32
3770,14.99
3771,15.01
3772,15.51
3773,16.7
3774,17.54
3775,20.01
3776,20.48
3777,26.75
3778,29.07
3779,36.06
3780,46.81
3781,72.47
3782,101.74
3783,96.63
3784,54.57
3785,35.65
3786,29.2
3787,27.49
3788,22.44
3789,20.84
3790,19.24
3791,16.8
3792,15.97
3793,15.38
3794,14.97
3795,14.57
3796,14.81
3797,15.96
3798,17.09
3799,19.66
3800,20.8
3801,26.4
3802,29.99
3803,40.82
3804,49.64
3805,69.8
3806,94.03
3807,102.85
3808,72.61
3809,41.22
3810,28.32
3811,26.96
3812,23.85
3813,20.8
3814,19.17
3815,15.52
3816,15.64
3817,14.31
3818,13.4
3819,13.01
3820,13.3
3821,14.34
3822,15.84
3823,16.18
3824,18.49
3825,20.42
3826,25.29
3827,35.67
3828,49.83
3829,81.07
3830,92.15
3831,99.06
3832,67.18
3833,39.19
3834,32.41
3835,24.98
3836,21.32
3837,19.23
3838,17.45
3839,14.52
3840,15.78
3841,14.21
3842,14.19
3843,11.58
3844,12.81
3845,15.32
3846,15.83
3847,16.46
3848,17.92
3849,19.03
3850,20.13
3851,22.34
3852,29.02
3853,32.21
3854,36.94
3855,43.77
3856,32.22
3857,28.29
3858,24.93
3859,24.87
3860,22.8
3861,20.8
3862,19.39
3863,17.8
3864,16.4
3865,15.77
3866,15.22
3867,15.6
3868,16.13
3869,17.06
3870,16.86
3871,17.72
3872,18.9
3873,19.67
3874,20.06
3875,22.47
3876,26.41
3877,29.96
3878,38.84
3879,40.21
3880,30.88
3881,27.36
3882,22.48
3883,20.35
3884,19.54
3885,19.06
3886,16.43
3887,15.38
3888,14.6
3889,13.83
3890,13.23
3891,14.01
3892,15.66
3893,17.57
3894,18.37
3895,20.14
3896,21.18
3897,22.73
3898,27.12
3899,24.21
3900,32.17
3901,38.1
3902,46.62
3903,53.21
3904,35.75
3905,31.79
3906,28.8
3907,27.24
3908,24.71
3909,21.36
3910,19.68
3911,16.16
3912,15.11
3913,14.04
3914,13.55
3915,13.74
3916,14.45
3917,15.81
3918,15.97
3919,17.13
3920,17.75
3921,20.06
3922,20.25
3923,22.25
3924,26.66
3925,30.04
3926,34.47
3927,35.02
3928,26.78
3929,21.21
3930,20.93
3931,19.46
3932,18.49
3933,16.28
3934,16.25
3935,15.77
3936,14.26
3937,12.63
3938,11.37
3939,8.6
3940,10.27
3941,14.73
3942,14.15
3943,14.2
3944,14.6
3945,16.27
3946,17.63
3947,18.79
3948,26.67
3949,25.77
3950,31.4
3951,38.01
3952,29.37
3953,23.24
3954,21.25
3955,19.24
3956,19.28
3957,17.29
3958,15.65
3959,14.57
3960,15.05
3961,13.89
3962,12.3
3963,11.65
3964,11.94
3965,10.56
3966,11.65
3967,14.62
3968,16.8
3969,19.38
3970,21.45
3971,24.94
3972,28.88
3973,33.73
3974,43.58
3975,54.08
3976,38.61
3977,27.45
3978,21.47
3979,20.21
3980,21.39
3981,19.78
3982,18.85
3983,17.95
3984,15.89
3985,15.43
3986,14.53
3987,14.55
3988,14.42
3989,15.15
3990,15.57
3991,17.19
3992,18.86
3993,20.63
3994,24.64
3995,30.0
3996,38.67
3997,38.31
3998,46.46
3999,45.99
4000,32.54
4001,28.28
4002,24.83
4003,25.47
4004,21.76
4005,20.45
4006,19.39
4007,19.3
4008,17.44
4009,16.57
4010,16.89
4011,17.34
4012,18.6
4013,18.65
4014,19.38
4015,19.96
4016,20.37
4017,24.31
4018,27.85
4019,31.97
4020,36.16
4021,39.79
4022,49.74
4023,48.23
4024,32.57
4025,30.1
4026,27.63
4027,27.72
4028,22.91
4029,21.53
4030,19.82
4031,17.04
4032,16.1
4033,15.68
4034,15.13
4035,15.51
4036,16.27
4037,17.51
4038,18.03
4039,18.19
4040,19.43
4041,20.88
4042,24.14
4043,29.83
4044,35.28
4045,40.2
4046,47.15
4047,45.11
4048,32.14
4049,27.67
4050,23.99
4051,21.08
4052,19.78
4053,19.38
4054,17.18
4055,16.06
4056,14.5
4057,14.92
4058,14.06
4059,14.06
4060,13.13
4061,15.36
4062,16.19
4063,18.17
4064,19.24
4065,21.69
4066,26.86
4067,34.5
4068,58.66
4069,58.93
4070,86.6
4071,88.56
4072,62.54
4073,44.18
4074,34.87
4075,30.03
4076,24.99
4077,23.72
4078,21.4
4079,17.16
4080,15.88
4081,15.28
4082,13.8
4083,13.58
4084,14.44
4085,15.75
4086,16.22
4087,17.78
4088,18.97
4089,21.27
4090,27.92
4091,30.3
4092,43.46
4093,68.85
4094,93.0
4095,93.63
4096,54.68
4097,38.95
4098,28.59
4099,21.22
4100,19.85
4101,19.54
4102,17.41
4103,15.6
4104,14.68
4105,15.04
4106,14.38
4107,14.02
4108,12.52
4109,15.69
4110,16.0
4111,16.46
4112,17.95
4113,20.44
4114,20.71
4115,22.96
4116,27.62
4117,31.83
4118,37.21
4119,35.18
4120,27.53
4121,24.28
4122,22.81
4123,19.01
4124,18.73
4125,18.69
4126,17.43
4127,16.47
4128,14.89
4129,14.93
4130,14.43
4131,14.19
4132,14.05
4133,12.93
4134,13.81
4135,16.07
4136,17.48
4137,18.72
4138,20.28
4139,22.81
4140,27.43
4141,28.12
4142,29.3
4143,29.34
4144,24.4
4145,19.95
4146,21.28
4147,18.77
4148,18.83
4149,19.5
4150,18.09
4151,15.74
4152,14.76
4153,14.56
4154,14.26
4155,14.12
4156,14.12
4157,12.49
4158,13.22
4159,15.87
4160,16.4
4161,17.09
4162,17.94
4163,19.12
4164,24.11
4165,28.83
4166,32.09
4167,35.63
4168,32.97
4169,24.34
4170,22.79
4171,24.47
4172,22.13
4173,20.58
4174,18.35
4175,18.19
4176,16.9
4177,15.42
4178,15.13
4179,15.49
4180,17.71
4181,18.58
4182,18.88
4183,19.03
4184,19.4
4185,22.11
4186,22.33
4187,25.76
4188,32.62
4189,37.03
4190,40.57
4191,38.74
4192,32.78
4193,25.46
4194,23.52
4195,21.82
4196,20.95
4197,19.75
4198,17.76
4199,17.0
4200,15.75
4201,14.63
4202,14.25
4203,14.24
4204,15.74
4205,16.91
4206,17.66
4207,18.4
4208,18.32
4209,19.64
4210,21.3
4211,24.06
4212,34.62
4213,39.9
4214,39.31
4215,39.45
4216,28.7
4217,24.03
4218,21.63
4219,21.48
4220,19.66
4221,19.45
4222,18.6
4223,15.37
4224,14.38
4225,13.09
4226,12.94
4227,13.31
4228,14.96
4229,17.02
4230,16.54
4231,17.43
4232,17.4
4233,18.75
4234,18.88
4235,19.77
4236,26.05
4237,27.95
4238,35.08
4239,36.06
4240,30.93
4241,22.6
4242,21.02
4243,19.8
4244,19.35
4245,18.62
4246,17.2
4247,15.5
4248,13.62
4249,13.12
4250,12.26
4251,12.57
4252,13.27
4253,16.05
4254,16.92
4255,17.54
4256,18.65
4257,19.27
4258,21.27
4259,25.84
4260,34.13
4261,38.88
4262,40.82
4263,39.2
4264,32.4
4265,24.69
4266,21.17
4267,20.46
4268,19.82
4269,19.16
4270,17.25
4271,15.87
4272,15.38
4273,14.16
4274,13.69
4275,13.87
4276,14.14
4277,16.67
4278,17.79
4279,18.49
4280,19.52
4281,21.48
4282,27.24
4283,36.06
4284,41.84
4285,46.88
4286,59.94
4287,58.91
4288,42.88
4289,35.74
4290,28.76
4291,25.61
4292,22.18
4293,20.14
4294,19.07
4295,16.51
4296,15.55
4297,13.81
4298,13.18
4299,13.08
4300,13.2
4301,15.56
4302,15.97
4303,17.06
4304,18.49
4305,19.56
4306,22.82
4307,29.52
4308,36.35
4309,41.52
4310,41.85
4311,46.72
4312,43.48
4313,31.08
4314,27.02
4315,23.96
4316,21.34
4317,19.24
4318,18.3
4319,16.87
4320,15.83
4321,15.01
4322,14.5
4323,13.93
4324,13.29
4325,14.64
4326,14.67
4327,15.87
4328,17.35
4329,18.36
4330,21.38
4331,26.37
4332,31.95
4333,38.09
4334,42.95
4335,43.04
4336,35.93
4337,25.94
4338,21.34
4339,19.52
4340,18.94
4341,18.66
4342,17.44
4343,14.47
4344,13.21
4345,12.65
4346,12.97
4347,13.22
4348,14.32
4349,16.99
4350,16.77
4351,17.54
4352,18.13
4353,18.78
4354,20.95
4355,24.77
4356,31.61
4357,39.33
4358,41.35
4359,41.53
4360,28.72
4361,21.48
4362,19.9
4363,19.03
4364,18.57
4365,17.42
4366,15.55
4367,13.69
4368,13.78
4369,13.13
4370,12.71
4371,13.32
4372,14.57
4373,15.69
4374,15.61
4375,17.74
4376,18.06
4377,18.96
4378,20.68
4379,23.73
4380,29.36
4381,38.91
4382,40.73
4383,41.56
4384,33.94
4385,24.24
4386,21.49
4387,20.29
4388,18.83
4389,18.76
4390,16.56
4391,14.87
4392,14.54
4393,13.49
4394,13.27
4395,13.21
4396,14.09
4397,15.72
4398,16.39
4399,18.07
4400,17.52
4401,18.75
4402,21.56
4403,24.12
4404,33.03
4405,37.27
4406,44.06
4407,41.2
4408,28.25
4409,24.83
4410,21.28
4411,19.45
4412,18.17
4413,17.98
4414,16.64
4415,14.64
4416,14.08
4417,12.9
4418,12.91
4419,13.36
4420,13.92
4421,14.94
4422,15.28
4423,15.99
4424,16.68
4425,18.02
4426,19.91
4427,25.86
4428,28.58
4429,33.8
4430,39.89
4431,42.53
4432,34.99
4433,25.85
4434,23.33
4435,19.98
4436,18.7
4437,17.97
4438,15.97
4439,14.29
4440,13.67
4441,12.41
4442,12.14
4443,12.4
4444,13.34
4445,14.98
4446,15.83
4447,17.56
4448,17.58
4449,18.71
4450,22.95
4451,27.06
4452,32.27
4453,40.93
4454,56.22
4455,56.05
4456,38.51
4457,27.37
4458,24.37
4459,23.54
4460,21.56
4461,18.9
4462,18.24
4463,16.34
4464,15.44
4465,14.21
4466,13.45
4467,13.07
4468,13.06
4469,14.64
4470,15.05
4471,17.03
4472,17.64
4473,21.06
4474,27.07
4475,30.66
4476,37.45
4477,46.25
4478,67.53
4479,75.79
4480,53.92
4481,30.41
4482,26.76
4483,23.64
4484,22.29
4485,19.15
4486,18.96
4487,17.94
4488,15.96
4489,15.0
4490,14.54
4491,14.0
4492,13.68
4493,14.79
4494,15.0
4495,17.23
4496,18.97
4497,22.51
4498,26.97
4499,34.7
4500,44.01
4501,56.99
4502,63.17
4503,68.4
4504,47.98
4505,39.98
4506,29.37
4507,25.7
4508,24.78
4509,19.76
4510,18.51
4511,18.41
4512,17.05
4513,15.51
4514,15.02
4515,14.87
4516,15.46
4517,15.89
4518,16.56
4519,18.38
4520,18.63
4521,23.92
4522,30.55
4523,40.19
4524,49.47
4525,60.01
4526,81.3
4527,79.06
4528,50.64
4529,36.28
4530,27.64
4531,22.77
4532,20.62
4533,18.93
4534,18.05
4535,16.25
4536,15.37
4537,14.43
4538,13.92
4539,13.91
4540,14.64
4541,16.54
4542,17.7
4543,18.68
4544,19.21
4545,23.88
4546,30.98
4547,45.88
4548,74.53
4549,149.97
4550,216.35
4551,274.53
4552,149.95
4553,64.76
4554,40.88
4555,30.55
4556,24.75
4557,20.32
4558,18.86
4559,15.56
4560,14.57
4561,12.82
4562,12.19
4563,12.28
4564,14.06
4565,16.89
4566,18.05
4567,19.31
4568,21.7
4569,29.08
4570,33.15
4571,47.84
4572,74.13
4573,131.84
4574,199.25
4575,191.78
4576,107.24
4577,52.35
4578,36.61
4579,29.46
4580,27.62
4581,21.02
4582,19.8
4583,19.19
4584,18.06
4585,17.0
4586,16.55
4587,16.45
4588,16.84
4589,19.48
4590,19.75
4591,20.58
4592,23.44
4593,28.83
4594,34.66
4595,42.77
4596,64.92
4597,79.97
4598,99.89
4599,112.88
4600,65.03
4601,42.25
4602,33.36
4603,29.98
4604,29.59
4605,23.67
4606,20.89
4607,19.61
4608,18.03
4609,16.64
4610,16.12
4611,15.97
4612,16.32
4613,17.83
4614,18.56
4615,19.61
4616,21.45
4617,27.81
4618,34.65
4619,41.82
4620,51.09
4621,76.84
4622,100.55
4623,112.81
4624,62.05
4625,45.23
4626,36.03
4627,28.12
4628,24.71
4629,22.67
4630,20.62
4631,19.17
4632,17.85
4633,17.21
4634,16.37
4635,16.44
4636,16.71
4637,18.88
4638,19.63
4639,20.46
4640,22.23
4641,29.46
4642,33.65
4643,41.7
4644,57.1
4645,84.96
4646,118.3
4647,171.9
4648,78.05
4649,44.0
4650,35.08
4651,29.86
4652,27.69
4653,22.4
4654,20.57
4655,20.36
4656,19.17
4657,18.15
4658,17.57
4659,17.19
4660,17.17
4661,19.08
4662,19.9
4663,21.31
4664,24.53
4665,29.76
4666,32.54
4667,41.22
4668,53.79
4669,71.85
4670,91.83
4671,94.23
4672,82.38
4673,43.61
4674,36.51
4675,30.43
4676,27.85
4677,21.13
4678,20.09
4679,18.89
4680,17.43
4681,16.36
4682,16.07
4683,16.05
4684,16.91
4685,18.79
4686,20.0
4687,20.29
4688,22.12
4689,27.23
4690,31.8
4691,41.21
4692,68.32
4693,108.03
4694,133.41
4695,141.39
4696,76.67
4697,46.74
4698,35.19
4699,28.81
4700,25.19
4701,20.04
4702,20.0
4703,17.46
4704,16.23
4705,14.24
4706,13.94
4707,13.68
4708,14.67
4709,17.13
4710,17.26
4711,18.17
4712,18.94
4713,20.48
4714,24.4
4715,27.26
4716,38.65
4717,56.46
4718,74.02
4719,78.08
4720,40.88
4721,33.3
4722,25.39
4723,22.55
4724,20.95
4725,20.37
4726,19.14
4727,16.96
4728,15.45
4729,13.29
4730,13.62
4731,13.47
4732,13.94
4733,16.69
4734,17.03
4735,18.24
4736,19.42
4737,20.04
4738,22.28
4739,25.36
4740,32.39
4741,44.78
4742,54.75
4743,59.39
4744,37.82
4745,27.12
4746,23.77
4747,21.57
4748,20.06
4749,19.29
4750,18.33
4751,16.72
4752,15.32
4753,14.55
4754,14.03
4755,13.82
4756,14.65
4757,15.48
4758,15.5
4759,15.91
4760,17.93
4761,19.01
4762,20.7
4763,26.39
4764,30.43
4765,38.34
4766,49.49
4767,56.31
4768,35.23
4769,27.58
4770,23.86
4771,20.76
4772,19.43
4773,19.2
4774,17.78
4775,16.06
4776,13.76
4777,15.58
4778,14.62
4779,14.86
4780,16.13
4781,16.55
4782,15.58
4783,16.87
4784,18.43
4785,18.96
4786,20.62
4787,25.5
4788,30.64
4789,34.71
4790,41.39
4791,43.01
4792,31.0
4793,24.43
4794,23.57
4795,20.77
4796,19.78
4797,18.14
4798,17.19
4799,15.71
4800,14.22
4801,15.31
4802,14.12
4803,13.81
4804,14.12
4805,15.25
4806,15.74
4807,16.45
4808,17.15
4809,18.55
4810,19.43
4811,22.83
4812,26.06
4813,30.28
4814,38.24
4815,40.98
4816,28.87
4817,24.42
4818,22.22
4819,20.57
4820,20.52
4821,18.29
4822,17.04
4823,14.87
4824,13.62
4825,14.6
4826,13.72
4827,13.65
4828,13.82
4829,14.5
4830,15.31
4831,16.06
4832,17.73
4833,19.47
4834,20.78
4835,24.64
4836,32.1
4837,47.41
4838,61.36
4839,61.96
4840,55.85
4841,34.88
4842,28.13
4843,26.58
4844,23.98
4845,20.71
4846,19.38
4847,17.17
4848,15.92
4849,15.58
4850,14.53
4851,14.98
4852,15.82
4853,16.61
4854,17.52
4855,18.45
4856,20.51
4857,24.28
4858,29.91
4859,38.22
4860,45.54
4861,72.18
4862,93.57
4863,95.23
4864,59.3
4865,40.12
4866,34.21
4867,26.67
4868,23.6
4869,22.03
4870,19.75
4871,17.97
4872,16.91
4873,16.01
4874,15.71
4875,15.8
4876,16.77
4877,18.0
4878,18.23
4879,19.17
4880,18.99
4881,20.84
4882,23.61
4883,25.33
4884,29.09
4885,36.31
4886,42.21
4887,49.2
4888,33.48
4889,27.85
4890,24.55
4891,24.35
4892,21.96
4893,19.94
4894,18.87
4895,17.95
4896,16.29
4897,15.63
4898,15.0
4899,15.13
4900,15.8
4901,17.94
4902,18.28
4903,19.08
4904,19.2
4905,21.62
4906,23.94
4907,25.24
4908,29.19
4909,32.54
4910,48.87
4911,57.48
4912,45.71
4913,31.32
4914,26.84
4915,22.57
4916,20.58
4917,18.68
4918,17.65
4919,15.09
4920,13.97
4921,13.08
4922,12.54
4923,12.32
4924,13.08
4925,15.0
4926,15.58
4927,16.77
4928,17.96
4929,19.21
4930,21.12
4931,24.27
4932,28.13
4933,36.41
4934,42.13
4935,46.79
4936,39.65
4937,27.77
4938,23.52
4939,22.44
4940,19.89
4941,18.26
4942,16.66
4943,14.19
4944,11.92
4945,12.26
4946,11.9
4947,11.28
4948,13.64
4949,14.96
4950,15.72
4951,17.06
4952,17.83
4953,19.57
4954,23.02
4955,27.65
4956,33.54
4957,41.04
4958,48.14
4959,52.66
4960,39.89
4961,26.37
4962,23.76
4963,22.43
4964,19.55
4965,18.24
4966,17.4
4967,14.9
4968,12.35
4969,13.47
4970,12.76
4971,11.56
4972,12.91
4973,14.23
4974,16.01
4975,18.17
4976,18.47
4977,19.62
4978,23.19
4979,28.64
4980,33.51
4981,39.33
4982,47.46
4983,50.33
4984,32.49
4985,30.98
4986,24.38
4987,22.01
4988,19.89
4989,17.42
4990,16.51
4991,16.08
4992,13.1
4993,13.86
4994,12.85
4995,12.56
4996,12.67
4997,14.32
4998,15.11
4999,16.67
5000,17.13
5001,19.35
5002,20.02
5003,24.85
5004,26.47
5005,30.05
5006,43.47
5007,43.13
5008,34.85
5009,30.99
5010,28.8
5011,25.57
5012,23.38
5013,20.8
5014,18.09
5015,15.86
5016,14.53
5017,14.87
5018,14.39
5019,14.24
5020,15.2
5021,16.93
5022,17.75
5023,19.2
5024,20.42
5025,23.55
5026,28.78
5027,35.77
5028,47.59
5029,60.03
5030,75.04
5031,88.87
5032,51.41
5033,38.07
5034,30.44
5035,27.98
5036,25.25
5037,21.53
5038,19.5
5039,17.53
5040,16.49
5041,15.89
5042,15.45
5043,15.82
5044,16.27
5045,17.99
5046,18.55
5047,19.19
5048,21.24
5049,25.32
5050,30.13
5051,43.68
5052,74.85
5053,84.77
5054,87.42
5055,96.91
5056,69.23
5057,39.13
5058,28.24
5059,25.17
5060,21.73
5061,19.49
5062,17.93
5063,17.15
5064,16.16
5065,15.2
5066,14.73
5067,15.09
5068,15.69
5069,17.82
5070,18.43
5071,19.4
5072,20.98
5073,25.11
5074,34.73
5075,51.53
5076,105.36
5077,144.56
5078,185.46
5079,192.0
5080,102.1
5081,43.1
5082,30.09
5083,25.19
5084,21.4
5085,18.57
5086,16.95
5087,15.45
5088,14.63
5089,14.28
5090,13.91
5091,13.74
5092,14.81
5093,16.58
5094,16.97
5095,17.82
5096,19.07
5097,24.7
5098,28.74
5099,47.59
5100,116.54
5101,142.04
5102,174.01
5103,164.69
5104,76.76
5105,38.4
5106,27.07
5107,24.38
5108,19.62
5109,17.63
5110,16.32
5111,14.54
5112,13.71
5113,13.04
5114,13.35
5115,13.27
5116,13.3
5117,15.4
5118,16.13
5119,17.2
5120,18.77
5121,22.51
5122,28.03
5123,42.73
5124,133.68
5125,206.21
5126,292.14
5127,299.08
5128,131.27
5129,47.94
5130,37.68
5131,28.49
5132,22.96
5133,18.48
5134,17.45
5135,15.93
5136,13.33
5137,13.66
5138,13.33
5139,13.26
5140,13.75
5141,15.19
5142,16.31
5143,18.32
5144,19.81
5145,22.97
5146,26.67
5147,37.08
5148,48.04
5149,56.88
5150,75.31
5151,70.49
5152,49.12
5153,32.97
5154,26.85
5155,24.36
5156,21.4
5157,19.2
5158,17.6
5159,15.87
5160,14.72
5161,13.99
5162,13.73
5163,14.09
5164,14.36
5165,16.65
5166,16.45
5167,17.28
5168,18.48
5169,21.79
5170,24.57
5171,33.09
5172,35.87
5173,40.32
5174,50.06
5175,58.1
5176,46.17
5177,35.44
5178,31.14
5179,27.08
5180,24.65
5181,17.77
5182,17.03
5183,17.02
5184,15.83
5185,15.12
5186,15.01
5187,15.93
5188,16.65
5189,17.94
5190,18.04
5191,18.86
5192,21.33
5193,26.95
5194,33.45
5195,43.93
5196,97.29
5197,126.38
5198,156.28
5199,168.26
5200,74.93
5201,48.18
5202,35.62
5203,29.22
5204,24.52
5205,19.48
5206,17.43
5207,16.36
5208,15.1
5209,13.81
5210,14.19
5211,14.59
5212,16.06
5213,17.54
5214,18.52
5215,19.54
5216,20.51
5217,26.4
5218,34.66
5219,53.84
5220,211.34
5221,295.0
5222,405.01
5223,383.01
5224,219.95
5225,53.48
5226,36.21
5227,27.81
5228,22.32
5229,19.95
5230,18.05
5231,15.41
5232,14.03
5233,12.87
5234,12.86
5235,12.84
5236,13.35
5237,14.68
5238,15.57
5239,15.97
5240,18.01
5241,22.17
5242,31.64
5243,54.28
5244,299.81
5245,516.46
5246,1009.12
5247,800.13
5248,416.04
5249,51.48
5250,33.74
5251,25.55
5252,19.64
5253,18.43
5254,16.38
5255,14.13
5256,12.66
5257,11.42
5258,12.25
5259,12.05
5260,13.09
5261,14.26
5262,14.54
5263,15.55
5264,16.79
5265,19.24
5266,23.03
5267,32.51
5268,67.39
5269,120.42
5270,194.95
5271,185.11
5272,85.7
5273,35.29
5274,29.1
5275,25.25
5276,20.08
5277,18.54
5278,16.9
5279,15.06
5280,13.51
5281,12.79
5282,12.2
5283,12.07
5284,12.73
5285,14.94
5286,15.28
5287,17.23
5288,17.56
5289,21.34
5290,25.55
5291,34.34
5292,84.05
5293,179.05
5294,297.05
5295,300.56
5296,176.85
5297,46.3
5298,32.6
5299,28.87
5300,23.13
5301,19.87
5302,17.84
5303,15.32
5304,13.62
5305,12.87
5306,12.08
5307,12.56
5308,13.01
5309,13.01
5310,13.7
5311,15.88
5312,17.41
5313,20.34
5314,28.25
5315,39.12
5316,119.09
5317,149.49
5318,289.51
5319,314.65
5320,143.14
5321,41.01
5322,29.7
5323,24.58
5324,19.8
5325,18.49
5326,16.78
5327,14.15
5328,13.24
5329,11.79
5330,12.67
5331,12.7
5332,12.58
5333,11.3
5334,12.71
5335,14.04
5336,16.12
5337,18.5
5338,24.56
5339,34.84
5340,141.21
5341,254.83
5342,399.37
5343,416.86
5344,183.69
5345,51.03
5346,33.1
5347,28.15
5348,19.8
5349,17.41
5350,16.19
5351,13.98
5352,12.93
5353,11.48
5354,10.08
5355,12.91
5356,11.68
5357,13.44
5358,14.17
5359,15.69
5360,17.35
5361,19.23
5362,26.12
5363,43.33
5364,256.03
5365,486.34
5366,948.31
5367,948.22
5368,435.75
5369,55.4
5370,36.05
5371,29.11
5372,20.06
5373,18.83
5374,16.86
5375,14.71
5376,13.59
5377,12.31
5378,12.09
5379,12.81
5380,13.99
5381,15.9
5382,16.71
5383,18.67
5384,19.23
5385,24.67
5386,36.68
5387,129.77
5388,857.46
5389,1509.35
5390,2605.51
5391,2709.97
5392,1337.43
5393,190.04
5394,46.4
5395,31.61
5396,25.67
5397,21.15
5398,18.27
5399,17.48
5400,16.55
5401,15.52
5402,15.05
5403,15.52
5404,16.53
5405,18.56
5406,19.17
5407,20.7
5408,21.59
5409,27.75
5410,37.57
5411,138.24
5412,300.02
5413,930.69
5414,1386.71
5415,1338.5
5416,654.81
5417,96.81
5418,42.78
5419,35.87
5420,26.67
5421,21.14
5422,17.92
5423,17.85
5424,16.87
5425,16.11
5426,16.28
5427,16.19
5428,16.66
5429,17.75
5430,17.94
5431,19.21
5432,20.68
5433,26.72
5434,41.22
5435,74.89
5436,268.0
5437,802.57
5438,1758.0
5439,1758.0
5440,431.25
5441,65.38
5442,36.12
5443,27.79
5444,22.81
5445,19.41
5446,17.6
5447,14.99
5448,13.17
5449,11.45
5450,13.05
5451,13.04
5452,12.4
5453,14.23
5454,16.49
5455,18.75
5456,19.26
5457,24.01
5458,28.31
5459,73.9
5460,780.42
5461,2500.82
5462,3351.01
5463,3494.28
5464,1571.05
5465,134.18
5466,30.96
5467,26.91
5468,23.1
5469,19.46
5470,17.2
5471,14.31
5472,12.64
5473,10.78
5474,12.55
5475,11.59
5476,11.79
5477,10.02
5478,11.51
5479,14.26
5480,16.09
5481,18.65
5482,22.43
5483,29.72
5484,47.65
5485,143.61
5486,401.73
5487,698.83
5488,183.13
5489,41.81
5490,29.01
5491,25.69
5492,19.17
5493,17.48
5494,15.91
5495,13.74
5496,11.91
5497,10.36
5498,11.81
5499,10.44
5500,10.37
5501,12.01
5502,9.9
5503,13.33
5504,14.63
5505,17.84
5506,21.18
5507,28.49
5508,36.34
5509,72.98
5510,210.83
5511,553.5
5512,153.3
5513,43.68
5514,31.06
5515,28.0
5516,21.74
5517,17.8
5518,15.79
5519,13.27
5520,11.87
5521,10.12
5522,12.44
5523,12.32
5524,11.99
5525,13.67
5526,14.15
5527,16.43
5528,18.12
5529,21.04
5530,25.54
5531,35.32
5532,114.48
5533,734.57
5534,1349.67
5535,1495.69
5536,398.67
5537,38.53
5538,28.24
5539,25.98
5540,19.49
5541,17.68
5542,15.43
5543,13.0
5544,12.14
5545,11.51
5546,12.59
5547,12.08
5548,13.1
5549,14.73
5550,15.97
5551,17.92
5552,19.33
5553,24.86
5554,29.28
5555,47.8
5556,275.25
5557,1267.96
5558,2135.98
5559,1860.79
5560,540.47
5561,51.92
5562,37.99
5563,28.48
5564,25.47
5565,19.69
5566,17.21
5567,14.37
5568,13.5
5569,12.68
5570,12.19
5571,12.29
5572,13.16
5573,15.84
5574,17.2
5575,19.12
5576,20.1
5577,26.0
5578,34.3
5579,49.77
5580,419.31
5581,1997.8
5582,3198.62
5583,2505.36
5584,693.01
5585,74.37
5586,43.51
5587,29.96
5588,26.25
5589,20.17
5590,18.0
5591,14.47
5592,13.54
5593,14.3
5594,13.47
5595,12.7
5596,13.69
5597,15.7
5598,16.39
5599,18.5
5600,19.07
5601,23.68
5602,27.02
5603,35.33
5604,70.77
5605,174.7
5606,432.36
5607,465.81
5608,124.92
5609,39.59
5610,32.01
5611,28.24
5612,24.68
5613,20.01
5614,17.8
5615,14.39
5616,13.1
5617,13.98
5618,13.49
5619,13.13
5620,14.44
5621,17.21
5622,18.92
5623,19.45
5624,19.74
5625,24.22
5626,28.33
5627,36.0
5628,55.03
5629,86.07
5630,193.69
5631,166.82
5632,52.64
5633,31.56
5634,28.63
5635,25.92
5636,22.89
5637,19.35
5638,17.63
5639,16.98
5640,15.52
5641,14.76
5642,14.98
5643,14.66
5644,14.93
5645,16.47
5646,16.72
5647,18.59
5648,20.0
5649,22.54
5650,25.55
5651,31.52
5652,40.02
5653,50.02
5654,121.5
5655,131.32
5656,54.19
5657,33.26
5658,27.52
5659,25.18
5660,21.32
5661,18.75
5662,17.56
5663,15.24
5664,13.99
5665,12.88
5666,11.98
5667,12.72
5668,11.43
5669,12.44
5670,13.01
5671,15.49
5672,16.84
5673,20.39
5674,24.67
5675,33.26
5676,45.0
5677,54.01
5678,169.88
5679,179.17
5680,119.8
5681,49.78
5682,36.47
5683,26.63
5684,19.82
5685,17.04
5686,15.65
5687,13.17
5688,10.97
5689,10.3
5690,12.18
5691,12.41
5692,12.24
5693,13.68
5694,15.01
5695,16.67
5696,18.33
5697,22.31
5698,27.08
5699,38.11
5700,201.11
5701,1291.65
5702,3499.49
5703,2579.86
5704,1409.71
5705,146.48
5706,36.92
5707,29.2
5708,23.84
5709,21.39
5710,18.66
5711,13.42
5712,12.9
5713,12.41
5714,11.91
5715,12.18
5716,13.77
5717,15.62
5718,16.65
5719,18.66
5720,20.04
5721,21.21
5722,26.04
5723,32.46
5724,51.07
5725,100.24
5726,211.84
5727,237.08
5728,85.87
5729,36.2
5730,29.47
5731,25.26
5732,23.76
5733,19.09
5734,17.78
5735,16.77
5736,15.28
5737,14.8
5738,14.33
5739,14.31
5740,15.52
5741,17.4
5742,17.62
5743,18.47
5744,19.97
5745,21.2
5746,26.26
5747,30.6
5748,39.52
5749,62.34
5750,114.36
5751,121.86
5752,46.49
5753,32.52
5754,29.6
5755,27.21
5756,22.18
5757,19.68
5758,17.86
5759,16.46
5760,14.91
5761,15.05
5762,14.58
5763,14.69
5764,14.8
5765,16.28
5766,16.96
5767,17.58
5768,19.38
5769,20.84
5770,25.74
5771,36.1
5772,50.47
5773,101.17
5774,191.18
5775,213.32
5776,70.1
5777,35.59
5778,28.1
5779,23.84
5780,18.8
5781,17.54
5782,16.24
5783,13.91
5784,12.7
5785,13.79
5786,13.17
5787,13.35
5788,12.38
5789,14.24
5790,15.1
5791,16.78
5792,19.2
5793,21.34
5794,27.5
5795,35.59
5796,60.1
5797,92.22
5798,173.2
5799,144.0
5800,49.47
5801,30.0
5802,27.5
5803,23.46
5804,20.22
5805,18.33
5806,17.14
5807,15.0
5808,13.95
5809,13.77
5810,13.55
5811,13.74
5812,14.48
5813,15.05
5814,15.66
5815,18.12
5816,19.49
5817,22.11
5818,29.4
5819,47.0
5820,73.31
5821,93.0
5822,125.5
5823,121.02
5824,65.7
5825,39.91
5826,34.48
5827,26.08
5828,21.96
5829,19.08
5830,17.83
5831,14.87
5832,14.27
5833,13.59
5834,13.79
5835,13.62
5836,13.53
5837,14.81
5838,15.9
5839,17.54
5840,19.01
5841,21.39
5842,26.91
5843,36.66
5844,40.63
5845,61.18
5846,105.96
5847,121.74
5848,69.23
5849,40.03
5850,32.12
5851,27.98
5852,22.21
5853,18.96
5854,17.73
5855,17.48
5856,16.43
5857,15.57
5858,15.08
5859,15.01
5860,14.94
5861,15.38
5862,15.64
5863,18.14
5864,20.77
5865,26.57
5866,30.76
5867,40.56
5868,50.54
5869,96.76
5870,157.92
5871,182.17
5872,90.49
5873,44.94
5874,38.32
5875,29.46
5876,23.02
5877,19.76
5878,18.52
5879,15.69
5880,14.46
5881,13.98
5882,13.44
5883,13.54
5884,14.12
5885,17.88
5886,19.04
5887,21.24
5888,22.97
5889,28.08
5890,34.78
5891,48.48
5892,103.42
5893,250.25
5894,393.4
5895,524.18
5896,219.13
5897,49.56
5898,41.82
5899,36.87
5900,27.46
5901,21.0
5902,19.05
5903,16.24
5904,15.25
5905,14.6
5906,14.2
5907,14.34
5908,14.96
5909,17.84
5910,17.99
5911,19.84
5912,22.02
5913,26.92
5914,31.63
5915,43.93
5916,80.05
5917,232.32
5918,558.87
5919,664.56
5920,199.0
5921,56.09
5922,44.62
5923,33.56
5924,24.98
5925,19.97
5926,18.38
5927,15.52
5928,14.36
5929,13.54
5930,13.22
5931,13.43
5932,14.27
5933,16.44
5934,17.21
5935,18.83
5936,21.55
5937,26.2
5938,30.76
5939,62.18
5940,499.64
5941,2573.94
5942,4262.77
5943,5008.13
5944,2490.17
5945,422.9
5946,54.87
5947,40.2
5948,26.5
5949,20.62
5950,17.77
5951,14.4
5952,12.82
5953,9.79
5954,7.89
5955,9.2
5956,12.01
5957,15.2
5958,16.27
5959,18.14
5960,19.71
5961,25.23
5962,30.55
5963,49.2
5964,440.77
5965,2018.01
5966,4000.32
5967,4489.75
5968,2010.91
5969,313.32
5970,46.35
5971,35.15
5972,26.05
5973,20.29
5974,18.84
5975,17.69
5976,16.15
5977,14.83
5978,13.56
5979,13.53
5980,13.09
5981,13.94
5982,15.21
5983,18.35
5984,20.83
5985,24.4
5986,28.67
5987,35.59
5988,39.42
5989,63.16
5990,106.39
5991,98.96
5992,48.52
5993,31.87
5994,30.78
5995,26.04
5996,22.01
5997,19.38
5998,17.16
5999,15.8
6000,14.34
6001,14.64
6002,13.36
6003,12.87
6004,12.8
6005,15.18
6006,14.46
6007,15.88
6008,17.93
6009,18.99
6010,19.37
6011,24.38
6012,29.65
6013,31.96
6014,43.28
6015,46.8
6016,37.93
6017,27.7
6018,24.5
6019,22.7
6020,19.87
6021,18.72
6022,15.83
6023,14.73
6024,15.86
6025,14.51
6026,14.05
6027,12.12
6028,14.37
6029,16.53
6030,16.75
6031,18.03
6032,19.74
6033,21.66
6034,21.12
6035,26.13
6036,32.46
6037,40.4
6038,46.89
6039,48.93
6040,34.03
6041,28.93
6042,26.38
6043,23.57
6044,20.47
6045,19.43
6046,16.2
6047,14.77
6048,15.44
6049,14.7
6050,14.23
6051,14.3
6052,14.24
6053,16.8
6054,17.0
6055,16.76
6056,17.46
6057,18.79
6058,20.2
6059,23.09
6060,27.93
6061,39.09
6062,38.76
6063,36.7
6064,34.4
6065,27.05
6066,24.41
6067,22.01
6068,20.09
6069,20.09
6070,17.49
6071,15.62
6072,14.75
6073,15.64
6074,15.36
6075,15.53
6076,15.51
6077,17.76
6078,17.15
6079,17.19
6080,17.86
6081,18.94
6082,20.81
6083,23.89
6084,29.78
6085,34.81
6086,42.08
6087,41.46
6088,34.62
6089,29.57
6090,28.01
6091,26.24
6092,22.21
6093,20.37
6094,17.94
6095,16.57
6096,15.65
6097,15.82
6098,14.42
6099,15.47
6100,15.6
6101,16.75
6102,17.09
6103,17.94
6104,21.06
6105,21.78
6106,26.2
6107,32.54
6108,43.75
6109,49.79
6110,75.57
6111,89.39
6112,54.14
6113,42.16
6114,37.11
6115,32.53
6116,25.9
6117,22.23
6118,21.11
6119,17.26
6120,16.49
6121,16.05
6122,16.09
6123,15.89
6124,16.83
6125,20.01
6126,20.17
6127,22.69
6128,22.73
6129,27.49
6130,33.75
6131,38.07
6132,52.78
6133,76.33
6134,124.04
6135,125.78
6136,48.05
6137,38.12
6138,34.43
6139,30.9
6140,25.96
6141,21.5
6142,20.03
6143,19.1
6144,17.39
6145,16.89
6146,16.3
6147,15.7
6148,16.08
6149,17.33
6150,17.94
6151,19.59
6152,22.94
6153,25.01
6154,33.95
6155,41.66
6156,51.19
6157,57.61
6158,85.09
6159,95.46
6160,60.8
6161,43.03
6162,34.86
6163,31.35
6164,26.65
6165,21.23
6166,20.31
6167,17.82
6168,16.51
6169,15.71
6170,15.36
6171,14.97
6172,15.28
6173,16.16
6174,16.94
6175,18.63
6176,21.32
6177,24.86
6178,32.41
6179,40.04
6180,45.53
6181,64.39
6182,85.98
6183,106.65
6184,58.78
6185,43.01
6186,33.48
6187,31.25
6188,27.01
6189,21.68
6190,19.65
6191,17.1
6192,15.87
6193,16.35
6194,15.87
6195,15.95
6196,17.04
6197,19.42
6198,19.55
6199,20.55
6200,22.22
6201,25.72
6202,30.81
6203,35.96
6204,44.17
6205,59.89
6206,91.81
6207,102.94
6208,48.39
6209,34.5
6210,33.09
6211,27.61
6212,22.94
6213,17.09
6214,16.85
6215,17.51
6216,16.73
6217,15.85
6218,15.64
6219,16.05
6220,17.04
6221,19.68
6222,19.38
6223,20.47
6224,23.67
6225,25.54
6226,29.67
6227,36.54
6228,40.43
6229,43.5
6230,59.59
6231,62.08
6232,35.93
6233,31.04
6234,30.72
6235,25.46
6236,23.28
6237,20.68
6238,18.2
6239,15.9
6240,15.74
6241,15.18
6242,13.85
6243,14.56
6244,16.67
6245,18.0
6246,18.61
6247,20.37
6248,21.88
6249,25.08
6250,29.12
6251,33.01
6252,38.74
6253,46.44
6254,55.82
6255,58.35
6256,39.25
6257,31.89
6258,27.36
6259,23.99
6260,21.05
6261,19.82
6262,17.67
6263,16.8
6264,15.64
6265,15.64
6266,15.29
6267,16.08
6268,15.39
6269,19.98
6270,20.94
6271,21.01
6272,21.88
6273,24.6
6274,29.13
6275,32.39
6276,46.36
6277,41.87
6278,41.26
6279,39.71
6280,32.43
6281,25.66
6282,24.55
6283,24.19
6284,19.88
6285,19.5
6286,17.66
6287,16.24
6288,16.0
6289,15.96
6290,16.02
6291,16.51
6292,17.45
6293,20.81
6294,20.89
6295,20.72
6296,20.8
6297,22.66
6298,24.88
6299,27.11
6300,37.6
6301,35.48
6302,37.36
6303,39.55
6304,30.52
6305,23.54
6306,22.51
6307,20.39
6308,19.75
6309,18.9
6310,15.66
6311,14.52
6312,14.28
6313,12.45
6314,12.53
6315,12.66
6316,10.16
6317,13.85
6318,12.17
6319,13.77
6320,14.29
6321,16.8
6322,18.72
6323,19.34
6324,23.7
6325,28.77
6326,35.69
6327,41.23
6328,42.23
6329,25.67
6330,25.36
6331,21.72
6332,19.91
6333,18.25
6334,14.71
6335,14.62
6336,14.67
6337,14.57
6338,13.77
6339,13.55
6340,12.65
6341,13.78
6342,13.65
6343,13.78
6344,15.6
6345,18.41
6346,22.48
6347,26.63
6348,36.03
6349,47.73
6350,72.43
6351,80.04
6352,57.81
6353,43.98
6354,37.93
6355,32.17
6356,29.28
6357,24.83
6358,20.42
6359,17.82
6360,16.67
6361,15.87
6362,15.61
6363,16.11
6364,17.43
6365,21.32
6366,22.01
6367,22.57
6368,24.51
6369,29.05
6370,36.11
6371,53.87
6372,151.4
6373,149.11
6374,162.08
6375,121.09
6376,70.92
6377,45.64
6378,44.05
6379,33.11
6380,23.83
6381,21.77
6382,18.66
6383,18.52
6384,17.55
6385,16.43
6386,15.66
6387,15.34
6388,17.06
6389,21.47
6390,20.76
6391,21.94
6392,24.8
6393,27.27
6394,31.25
6395,42.42
6396,169.32
6397,209.66
6398,343.09
6399,349.5
6400,144.69
6401,44.56
6402,36.77
6403,32.53
6404,23.88
6405,20.24
6406,18.58
6407,14.4
6408,14.24
6409,13.78
6410,13.57
6411,13.72
6412,13.44
6413,17.2
6414,18.07
6415,19.64
6416,20.86
6417,23.29
6418,27.22
6419,35.9
6420,130.76
6421,246.01
6422,502.75
6423,959.53
6424,166.86
6425,45.63
6426,42.52
6427,30.96
6428,22.44
6429,19.09
6430,16.48
6431,15.32
6432,13.96
6433,14.5
6434,12.95
6435,13.89
6436,14.4
6437,18.97
6438,19.7
6439,21.94
6440,23.43
6441,27.61
6442,36.42
6443,55.53
6444,246.13
6445,513.86
6446,1197.93
6447,1332.94
6448,147.22
6449,51.12
6450,36.42
6451,28.94
6452,22.77
6453,17.39
6454,15.34
6455,15.59
6456,13.95
6457,12.69
6458,13.36
6459,11.47
6460,13.25
6461,15.2
6462,14.5
6463,16.39
6464,19.26
6465,21.32
6466,22.97
6467,28.44
6468,40.27
6469,76.28
6470,91.64
6471,96.7
6472,42.42
6473,33.51
6474,24.31
6475,19.7
6476,18.44
6477,16.32
6478,15.1
6479,14.77
6480,13.73
6481,12.84
6482,12.52
6483,12.74
6484,11.95
6485,14.95
6486,14.83
6487,17.67
6488,19.88
6489,21.03
6490,21.14
6491,22.19
6492,27.2
6493,33.11
6494,39.03
6495,37.15
6496,31.28
6497,29.84
6498,21.27
6499,19.45
6500,17.27
6501,14.55
6502,15.07
6503,11.66
6504,12.31
6505,12.66
6506,12.85
6507,12.46
6508,13.18
6509,13.94
6510,13.66
6511,12.31
6512,12.95
6513,13.65
6514,16.3
6515,18.41
6516,22.71
6517,27.99
6518,34.84
6519,37.76
6520,33.66
6521,24.9
6522,22.62
6523,20.17
6524,18.03
6525,15.71
6526,16.17
6527,15.01
6528,13.9
6529,12.58
6530,12.42
6531,12.92
6532,13.35
6533,17.89
6534,17.77
6535,17.11
6536,16.71
6537,19.49
6538,19.92
6539,22.27
6540,29.17
6541,34.24
6542,44.25
6543,43.44
6544,35.19
6545,27.43
6546,23.98
6547,24.58
6548,19.69
6549,16.65
6550,14.19
6551,16.13
6552,13.88
6553,13.06
6554,12.64
6555,11.47
6556,13.12
6557,14.95
6558,13.72
6559,15.73
6560,16.8
6561,21.01
6562,20.62
6563,21.96
6564,27.49
6565,36.28
6566,54.56
6567,53.02
6568,46.36
6569,35.59
6570,32.42
6571,23.52
6572,18.89
6573,17.64
6574,18.07
6575,15.36
6576,15.96
6577,13.94
6578,13.57
6579,13.62
6580,13.66
6581,17.49
6582,18.11
6583,18.75
6584,17.8
6585,22.07
6586,25.68
6587,39.89
6588,104.12
6589,200.0
6590,556.46
6591,851.39
6592,357.11
6593,75.41
6594,49.47
6595,40.2
6596,30.0
6597,24.07
6598,19.81
6599,15.79
6600,15.27
6601,14.56
6602,13.94
6603,14.5
6604,15.6
6605,17.49
6606,18.39
6607,20.43
6608,21.72
6609,29.5
6610,42.38
6611,56.94
6612,109.58
6613,201.99
6614,426.79
6615,552.12
6616,190.4
6617,42.81
6618,42.73
6619,31.39
6620,22.97
6621,20.84
6622,18.02
6623,17.96
6624,16.65
6625,15.53
6626,14.92
6627,15.48
6628,17.17
6629,20.84
6630,20.58
6631,21.28
6632,23.22
6633,27.06
6634,30.17
6635,39.19
6636,48.88
6637,61.62
6638,132.32
6639,116.19
6640,46.79
6641,31.4
6642,29.26
6643,24.89
6644,21.97
6645,21.12
6646,18.78
6647,17.91
6648,16.45
6649,14.87
6650,12.66
6651,13.06
6652,13.43
6653,14.4
6654,15.29
6655,17.35
6656,21.03
6657,24.22
6658,32.39
6659,35.48
6660,52.29
6661,100.21
6662,316.07
6663,397.9
6664,246.8
6665,47.73
6666,49.4
6667,35.41
6668,25.67
6669,21.92
6670,18.93
6671,18.54
6672,17.76
6673,16.67
6674,15.83
6675,16.3
6676,16.84
6677,16.75
6678,17.3
6679,19.35
6680,21.89
6681,25.13
6682,31.38
6683,39.1
6684,49.88
6685,96.55
6686,115.03
6687,95.06
6688,44.48
6689,27.78
6690,25.13
6691,17.86
6692,14.86
6693,13.96
6694,13.49
6695,14.21
6696,13.33
6697,13.56
6698,13.7
6699,13.9
6700,14.65
6701,16.89
6702,16.6
6703,17.02
6704,18.39
6705,18.81
6706,20.35
6707,22.39
6708,25.62
6709,31.36
6710,36.14
6711,37.86
6712,37.4
6713,29.35
6714,27.47
6715,21.85
6716,19.06
6717,18.35
6718,16.39
6719,15.31
6720,13.32
6721,12.53
6722,11.73
6723,11.72
6724,13.16
6725,16.58
6726,16.18
6727,16.68
6728,17.23
6729,17.92
6730,19.23
6731,20.82
6732,24.76
6733,26.22
6734,33.66
6735,37.3
6736,29.14
6737,23.19
6738,21.18
6739,17.45
6740,15.48
6741,12.92
6742,12.0
6743,11.61
6744,10.49
6745,8.75
6746,9.35
6747,9.29
6748,11.23
6749,13.75
6750,13.53
6751,13.68
6752,15.46
6753,14.36
6754,15.98
6755,17.89
6756,23.32
6757,30.88
6758,39.13
6759,52.12
6760,37.57
6761,29.02
6762,24.69
6763,19.55
6764,17.27
6765,15.04
6766,15.06
6767,13.86
6768,12.73
6769,11.52
6770,11.37
6771,11.09
6772,11.58
6773,12.65
6774,13.95
6775,14.93
6776,15.14
6777,16.22
6778,21.74
6779,30.09
6780,43.66
6781,77.32
6782,222.8
6783,225.0
6784,98.35
6785,42.41
6786,36.16
6787,23.12
6788,18.32
6789,16.79
6790,13.57
6791,13.6
6792,11.38
6793,10.31
6794,9.71
6795,10.24
6796,10.34
6797,14.24
6798,14.62
6799,13.93
6800,15.16
6801,15.69
6802,15.63
6803,15.15
6804,15.79
6805,16.6
6806,18.46
6807,18.26
6808,18.38
6809,20.27
6810,20.69
6811,18.79
6812,18.84
6813,18.25
6814,16.99
6815,17.23
6816,15.55
6817,14.95
6818,14.52
6819,14.68
6820,14.86
6821,15.1
6822,17.59
6823,17.4
6824,17.99
6825,18.68
6826,18.8
6827,18.0
6828,17.64
6829,17.38
6830,20.39
6831,19.94
6832,19.86
6833,19.38
6834,18.52
6835,18.12
6836,16.58
6837,12.63
6838,12.12
6839,11.91
6840,10.08
6841,9.33
6842,9.05
6843,10.17
6844,11.33
6845,14.43
6846,16.33
6847,17.04
6848,18.28
6849,19.06
6850,20.78
6851,21.77
6852,24.39
6853,27.55
6854,32.7
6855,33.46
6856,29.39
6857,24.62
6858,24.79
6859,20.07
6860,18.23
6861,14.38
6862,12.04
6863,11.6
6864,11.25
6865,10.37
6866,10.86
6867,11.57
6868,13.05
6869,14.99
6870,16.34
6871,17.48
6872,18.08
6873,19.72
6874,21.13
6875,23.99
6876,25.89
6877,31.67
6878,44.23
6879,47.59
6880,34.44
6881,27.4
6882,23.05
6883,22.53
6884,18.92
6885,17.0
6886,15.99
6887,12.11
6888,12.75
6889,10.15
6890,11.16
6891,11.9
6892,14.68
6893,17.7
6894,18.68
6895,20.16
6896,20.2
6897,21.04
6898,21.49
6899,26.03
6900,34.47
6901,45.18
6902,73.69
6903,75.55
6904,36.89
6905,27.96
6906,24.87
6907,20.97
6908,19.0
6909,18.48
6910,14.34
6911,13.02
6912,13.06
6913,13.0
6914,13.45
6915,14.28
6916,17.05
6917,20.41
6918,19.61
6919,19.73
6920,20.65
6921,19.32
6922,21.15
6923,23.08
6924,20.84
6925,21.65
6926,22.35
6927,22.46
6928,21.29
6929,21.31
6930,20.91
6931,18.83
6932,18.2
6933,17.6
6934,16.14
6935,14.5
6936,12.81
6937,12.05
6938,11.97
6939,13.36
6940,15.77
6941,18.58
6942,18.79
6943,17.47
6944,19.06
6945,18.36
6946,18.57
6947,18.64
6948,19.17
6949,19.89
6950,19.88
6951,20.94
6952,19.9
6953,18.18
6954,18.08
6955,16.48
6956,17.04
6957,15.1
6958,11.88
6959,9.95
6960,8.44
6961,7.97
6962,8.22
6963,8.31
6964,9.39
6965,13.16
6966,13.66
6967,14.12
6968,15.89
6969,16.27
6970,17.06
6971,16.12
6972,17.36
6973,18.82
6974,20.15
6975,22.16
6976,20.61
6977,16.77
6978,16.11
6979,14.83
6980,13.52
6981,12.58
6982,12.58
6983,10.15
6984,8.39
6985,8.15
6986,7.81
6987,8.11
6988,9.45
6989,11.27
6990,12.91
6991,14.4
6992,15.22
6993,18.45
6994,20.96
6995,28.83
6996,34.15
6997,53.76
6998,105.07
6999,124.19
7000,70.7
7001,56.33
7002,34.76
7003,26.83
7004,24.32
7005,20.0
7006,18.12
7007,16.14
7008,16.0
7009,15.48
7010,12.06
7011,10.74
7012,11.03
7013,11.47
7014,12.26
7015,15.4
7016,15.47
7017,13.71
7018,15.73
7019,16.07
7020,18.96
7021,20.5
7022,28.69
7023,36.76
7024,33.13
7025,31.8
7026,30.42
7027,21.44
7028,18.15
7029,16.07
7030,13.05
7031,13.38
7032,13.26
7033,13.33
7034,14.83
7035,17.08
7036,18.05
7037,23.41
7038,26.76
7039,22.48
7040,23.44
7041,26.68
7042,26.57
7043,27.56
7044,36.19
7045,34.21
7046,35.62
7047,38.22
7048,28.71
7049,27.54
7050,27.65
7051,24.51
7052,20.92
7053,17.74
7054,16.56
7055,18.75
7056,16.07
7057,15.63
7058,14.84
7059,15.42
7060,18.41
7061,20.62
7062,21.09
7063,19.49
7064,19.04
7065,19.78
7066,20.23
7067,21.02
7068,21.29
7069,27.56
7070,30.16
7071,31.03
7072,25.55
7073,21.72
7074,20.99
7075,18.47
7076,16.36
7077,14.08
7078,11.7
7079,8.68
7080,6.55
7081,6.12
7082,6.45
7083,6.05
7084,9.5
7085,14.72
7086,13.24
7087,12.79
7088,12.32
7089,13.55
7090,15.01
7091,15.7
7092,17.06
7093,19.16
7094,26.82
7095,22.74
7096,21.55
7097,19.75
7098,18.66
7099,16.41
7100,13.7
7101,11.99
7102,11.62
7103,12.01
7104,10.81
7105,10.55
7106,10.44
7107,10.41
7108,13.65
7109,19.32
7110,14.21
7111,13.4
7112,14.08
7113,13.83
7114,13.77
7115,14.19
7116,16.45
7117,17.54
7118,19.65
7119,18.87
7120,17.68
7121,15.48
7122,15.18
7123,14.7
7124,13.22
7125,12.82
7126,10.25
7127,10.72
7128,9.68
7129,8.95
7130,7.66
7131,8.54
7132,10.5
7133,16.64
7134,16.13
7135,14.57
7136,15.1
7137,14.37
7138,14.53
7139,13.79
7140,16.33
7141,17.17
7142,17.25
7143,20.57
7144,22.7
7145,30.45
7146,33.55
7147,28.27
7148,25.28
7149,23.15
7150,20.58
7151,19.46
7152,17.56
7153,17.15
7154,16.42
7155,16.12
7156,17.42
7157,20.19
7158,21.79
7159,26.09
7160,27.47
7161,28.84
7162,27.37
7163,24.25
7164,22.44
7165,23.43
7166,22.17
7167,22.44
7168,22.53
7169,22.29
7170,20.42
7171,18.17
7172,16.1
7173,11.72
7174,9.13
7175,9.09
7176,7.79
7177,7.33
7178,6.99
7179,7.33
7180,7.2
7181,8.83
7182,10.54
7183,14.01
7184,15.85
7185,16.09
7186,18.38
7187,18.92
7188,21.05
7189,21.11
7190,25.41
7191,26.02
7192,25.25
7193,22.58
7194,20.12
7195,18.26
7196,15.19
7197,13.24
7198,10.84
7199,12.86
7200,12.6
7201,12.81
7202,13.34
7203,14.12
7204,14.87
7205,18.94
7206,18.81
7207,18.93
7208,18.79
7209,20.29
7210,19.75
7211,21.54
7212,26.26
7213,36.74
7214,50.47
7215,48.67
7216,27.0
7217,23.38
7218,21.05
7219,19.86
7220,18.66
7221,15.96
7222,15.7
7223,20.79
7224,20.74
7225,20.87
7226,17.81
7227,18.34
7228,21.45
7229,25.52
7230,24.46
7231,23.48
7232,22.02
7233,25.48
7234,25.75
7235,28.26
7236,32.74
7237,31.98
7238,33.83
7239,33.22
7240,25.79
7241,28.07
7242,30.17
7243,24.78
7244,21.76
7245,23.41
7246,19.89
7247,20.47
7248,17.04
7249,15.99
7250,15.81
7251,15.98
7252,17.72
7253,23.77
7254,23.75
7255,20.69
7256,22.42
7257,19.67
7258,19.1
7259,18.76
7260,18.95
7261,19.43
7262,20.92
7263,21.72
7264,19.85
7265,22.81
7266,25.11
7267,21.03
7268,20.48
7269,17.48
7270,17.15
7271,26.3
7272,27.21
7273,25.52
7274,19.31
7275,22.76
7276,31.27
7277,84.7
7278,80.28
7279,42.05
7280,41.77
7281,41.71
7282,26.72
7283,27.98
7284,28.39
7285,25.84
7286,26.99
7287,28.34
7288,32.18
7289,51.59
7290,61.24
7291,37.57
7292,31.66
7293,22.65
7294,20.77
7295,16.34
7296,14.71
7297,14.58
7298,14.5
7299,16.98
7300,20.79
7301,45.67
7302,43.55
7303,25.93
7304,24.65
7305,20.3
7306,19.17
7307,19.34
7308,19.24
7309,19.31
7310,19.22
7311,20.12
7312,21.58
7313,23.79
7314,27.06
7315,20.4
7316,19.28
7317,15.38
7318,14.3
7319,14.77
7320,14.91
7321,14.57
7322,15.67
7323,17.12
7324,20.11
7325,24.32
7326,28.4
7327,32.54
7328,49.22
7329,37.14
7330,29.8
7331,27.5
7332,24.93
7333,24.41
7334,23.6
7335,24.88
7336,25.0
7337,33.36
7338,36.01
7339,26.24
7340,22.59
7341,19.88
7342,18.47
7343,16.53
7344,14.21
7345,15.83
7346,12.83
7347,12.38
7348,13.13
7349,14.83
7350,18.82
7351,23.34
7352,22.86
7353,19.54
7354,18.56
7355,16.89
7356,17.54
7357,17.8
7358,17.92
7359,19.25
7360,19.59
7361,24.99
7362,25.42
7363,20.46
7364,17.86
7365,17.21
7366,15.21
7367,16.06
7368,10.05
7369,10.13
7370,11.49
7371,12.25
7372,16.25
7373,17.61
7374,23.4
7375,24.92
7376,25.88
7377,25.37
7378,27.24
7379,25.6
7380,26.7
7381,30.78
7382,33.8
7383,30.3
7384,33.12
7385,31.18
7386,30.55
7387,24.09
7388,21.73
7389,21.24
7390,19.91
7391,18.81
7392,13.17
7393,12.45
7394,15.18
7395,16.19
7396,17.41
7397,19.76
7398,28.26
7399,30.06
7400,28.53
7401,29.6
7402,33.94
7403,34.19
7404,41.0
7405,43.62
7406,37.7
7407,34.15
7408,36.94
7409,39.62
7410,35.63
7411,27.22
7412,25.38
7413,23.77
7414,20.92
7415,19.81
7416,18.05
7417,16.38
7418,16.19
7419,16.32
7420,17.1
7421,20.52
7422,30.31
7423,25.65
7424,25.48
7425,24.34
7426,23.04
7427,19.15
7428,20.97
7429,25.35
7430,25.31
7431,25.32
7432,28.54
7433,41.3
7434,31.83
7435,22.56
7436,20.55
7437,20.28
7438,17.65
7439,17.51
7440,18.87
7441,14.77
7442,13.12
7443,12.25
7444,13.16
7445,14.1
7446,19.98
7447,16.12
7448,14.41
7449,15.73
7450,15.87
7451,16.76
7452,18.87
7453,18.98
7454,19.86
7455,20.01
7456,20.28
7457,45.88
7458,32.31
7459,27.45
7460,26.28
7461,26.57
7462,21.16
7463,20.28
7464,18.51
7465,18.9
7466,18.4
7467,18.76
7468,21.86
7469,29.16
7470,47.33
7471,50.35
7472,43.28
7473,47.42
7474,35.74
7475,32.3
7476,28.83
7477,26.65
7478,23.92
7479,25.35
7480,32.21
7481,56.16
7482,59.41
7483,42.07
7484,30.32
7485,31.09
7486,23.51
7487,23.95
7488,22.94
7489,20.0
7490,19.56
7491,19.99
7492,19.77
7493,22.7
7494,28.36
7495,36.99
7496,53.91
7497,61.53
7498,38.16
7499,33.06
7500,27.39
7501,26.77
7502,22.79
7503,23.65
7504,23.49
7505,30.9
7506,22.72
7507,20.66
7508,20.35
7509,19.51
7510,17.19
7511,15.84
7512,13.82
7513,12.33
7514,11.78
7515,11.87
7516,12.34
7517,14.05
7518,18.47
7519,19.07
7520,20.68
7521,24.49
7522,23.67
7523,21.49
7524,21.32
7525,19.79
7526,18.74
7527,19.0
7528,21.06
7529,28.7
7530,21.35
7531,19.01
7532,18.24
7533,17.77
7534,12.85
7535,11.57
7536,6.5
7537,6.42
7538,6.49
7539,9.44
7540,10.91
7541,13.09
7542,18.57
7543,17.17
7544,16.52
7545,15.99
7546,15.34
7547,15.26
7548,15.67
7549,15.87
7550,17.34
7551,17.38
7552,18.28
7553,23.96
7554,24.19
7555,22.97
7556,22.59
7557,20.85
7558,16.88
7559,16.02
7560,16.32
7561,16.24
7562,17.09
7563,17.61
7564,19.06
7565,37.22
7566,201.15
7567,179.39
7568,93.75
7569,60.81
7570,48.76
7571,40.11
7572,30.79
7573,26.08
7574,23.6
7575,22.6
7576,31.0
7577,84.36
7578,110.33
7579,79.11
7580,46.24
7581,32.71
7582,25.59
7583,20.57
7584,17.72
7585,17.01
7586,18.33
7587,17.56
7588,19.12
7589,26.04
7590,123.18
7591,79.82
7592,42.86
7593,28.52
7594,24.36
7595,21.16
7596,21.03
7597,19.68
7598,20.6
7599,21.31
7600,22.54
7601,34.47
7602,45.85
7603,37.48
7604,34.65
7605,30.88
7606,25.17
7607,24.68
7608,23.23
7609,22.85
7610,21.78
7611,21.68
7612,20.68
7613,24.19
7614,46.1
7615,40.55
7616,27.2
7617,25.5
7618,23.22
7619,21.08
7620,19.98
7621,19.68
7622,18.96
7623,20.42
7624,21.42
7625,50.45
7626,46.73
7627,40.61
7628,31.92
7629,28.61
7630,28.22
7631,24.49
7632,22.87
7633,22.2
7634,19.66
7635,19.56
7636,22.81
7637,29.03
7638,105.07
7639,75.14
7640,35.59
7641,26.25
7642,24.26
7643,23.56
7644,23.65
7645,19.82
7646,18.76
7647,18.8
7648,19.99
7649,27.31
7650,24.64
7651,21.24
7652,19.16
7653,17.56
7654,17.03
7655,15.79
7656,15.21
7657,14.27
7658,14.41
7659,14.7
7660,16.64
7661,16.24
7662,31.53
7663,35.49
7664,37.87
7665,32.5
7666,28.0
7667,25.89
7668,20.8
7669,18.91
7670,17.02
7671,16.12
7672,16.65
7673,19.68
7674,17.77
7675,16.32
7676,15.44
7677,15.73
7678,13.56
7679,13.09
7680,15.33
7681,14.98
7682,15.07
7683,16.02
7684,16.89
7685,19.17
7686,22.14
7687,21.92
7688,22.3
7689,20.22
7690,18.03
7691,19.42
7692,19.32
7693,20.19
7694,20.02
7695,22.06
7696,24.72
7697,58.26
7698,40.59
7699,37.64
7700,33.48
7701,29.43
7702,23.79
7703,20.56
7704,22.03
7705,18.21
7706,17.37
7707,16.75
7708,17.45
7709,22.38
7710,27.04
7711,30.08
7712,27.54
7713,26.13
7714,28.1
7715,24.5
7716,24.17
7717,25.38
7718,25.32
7719,26.97
7720,31.32
7721,49.08
7722,45.73
7723,33.4
7724,30.68
7725,28.01
7726,23.56
7727,21.6
7728,19.92
7729,18.26
7730,18.58
7731,18.3
7732,18.54
7733,21.1
7734,49.12
7735,33.53
7736,25.5
7737,23.66
7738,20.59
7739,19.58
7740,19.13
7741,19.81
7742,19.97
7743,18.8
7744,19.1
7745,21.12
7746,16.51
7747,16.58
7748,14.39
7749,13.61
7750,11.9
7751,8.23
7752,7.31
7753,5.17
7754,4.45
7755,4.9
7756,5.87
7757,9.86
7758,15.45
7759,14.5
7760,13.95
7761,14.06
7762,15.17
7763,15.69
7764,17.9
7765,19.64
7766,20.0
7767,19.86
7768,22.07
7769,36.67
7770,25.29
7771,23.29
7772,19.46
7773,18.0
7774,16.87
7775,14.43
7776,14.47
7777,13.56
7778,15.0
7779,16.31
7780,16.14
7781,17.92
7782,24.81
7783,22.21
7784,21.0
7785,20.43
7786,22.86
7787,22.93
7788,22.51
7789,20.97
7790,20.97
7791,21.5
7792,23.78
7793,35.81
7794,30.21
7795,22.06
7796,19.49
7797,19.86
7798,19.59
7799,16.3
7800,13.95
7801,11.35
7802,12.22
7803,14.66
7804,15.01
7805,19.98
7806,25.45
7807,23.56
7808,22.0
7809,22.33
7810,24.19
7811,23.8
7812,24.26
7813,24.71
7814,24.07
7815,24.04
7816,27.74
7817,49.53
7818,44.85
7819,28.84
7820,28.74
7821,24.66
7822,20.73
7823,20.21
7824,20.93
7825,19.98
7826,18.14
7827,18.17
7828,18.77
7829,18.91
7830,21.8
7831,25.78
7832,32.15
7833,27.81
7834,23.1
7835,21.19
7836,18.34
7837,16.99
7838,17.33
7839,18.56
7840,22.68
7841,40.36
7842,38.45
7843,30.09
7844,25.13
7845,22.32
7846,20.93
7847,19.54
7848,20.97
7849,19.96
7850,19.07
7851,18.84
7852,19.07
7853,18.43
7854,21.65
7855,22.46
7856,24.6
7857,26.53
7858,21.42
7859,19.1
7860,18.09
7861,16.52
7862,18.62
7863,15.75
7864,18.08
7865,27.69
7866,20.0
7867,18.2
7868,17.37
7869,15.82
7870,13.27
7871,9.99
7872,4.54
7873,4.4
7874,4.94
7875,5.13
7876,6.91
7877,16.18
7878,15.92
7879,16.48
7880,16.35
7881,17.82
7882,17.62
7883,19.21
7884,19.93
7885,20.05
7886,22.17
7887,22.13
7888,27.91
7889,46.57
7890,19.4
7891,18.96
7892,18.87
7893,17.86
7894,15.44
7895,8.89
7896,4.71
7897,3.31
7898,3.17
7899,2.91
7900,3.96
7901,6.95
7902,15.03
7903,14.39
7904,15.93
7905,14.47
7906,15.26
7907,16.35
7908,15.45
7909,16.6
7910,15.25
7911,15.23
7912,16.74
7913,35.82
7914,21.64
7915,20.05
7916,17.94
7917,17.27
7918,16.88
7919,16.01
7920,17.61
7921,14.28
7922,14.11
7923,14.93
7924,16.9
7925,19.07
7926,21.09
7927,21.76
7928,21.68
7929,21.05
7930,20.78
7931,20.83
7932,21.16
7933,19.34
7934,19.51
7935,19.43
7936,19.47
7937,40.49
7938,36.51
7939,25.15
7940,25.35
7941,24.58
7942,22.3
7943,22.01
7944,20.73
7945,20.69
7946,17.66
7947,17.57
7948,18.64
7949,18.03
7950,18.77
7951,19.9
7952,23.75
7953,35.74
7954,28.41
7955,28.06
7956,22.21
7957,20.07
7958,20.53
7959,20.55
7960,20.62
7961,31.4
7962,30.08
7963,22.03
7964,20.09
7965,22.34
7966,19.13
7967,18.57
7968,20.6
7969,19.63
7970,18.86
7971,18.17
7972,18.92
7973,18.53
7974,22.27
7975,19.49
7976,23.26
7977,19.95
7978,18.81
7979,17.23
7980,16.39
7981,14.46
7982,13.91
7983,13.67
7984,14.56
7985,23.0
7986,16.67
7987,14.93
7988,15.4
7989,15.3
7990,17.19
7991,13.59
7992,13.9
7993,11.83
7994,12.42
7995,12.76
7996,13.5
7997,12.32
7998,16.53
7999,17.4
8000,17.49
8001,17.11
8002,16.69
8003,17.31
8004,14.86
8005,14.75
8006,14.61
8007,19.07
8008,20.83
8009,39.68
8010,24.6
8011,22.03
8012,19.28
8013,17.0
8014,16.13
8015,14.75
8016,16.53
8017,15.99
8018,16.53
8019,15.98
8020,17.31
8021,17.19
8022,18.16
8023,20.5
8024,24.0
8025,20.51
8026,20.59
8027,19.91
8028,18.49
8029,17.59
8030,17.62
8031,17.35
8032,22.12
8033,44.19
8034,34.51
8035,31.21
8036,30.4
8037,28.34
8038,23.06
8039,22.6
8040,18.68
8041,16.72
8042,16.1
8043,17.98
8044,19.58
8045,28.05
8046,59.74
8047,52.07
8048,31.08
8049,28.15
8050,23.16
8051,20.62
8052,19.81
8053,18.12
8054,16.98
8055,17.8
8056,18.78
8057,28.15
8058,21.18
8059,18.97
8060,18.49
8061,17.48
8062,14.51
8063,12.96
8064,13.99
8065,13.01
8066,12.79
8067,13.69
8068,14.6
8069,17.68
8070,27.68
8071,25.28
8072,20.08
8073,19.76
8074,19.7
8075,18.63
8076,18.14
8077,18.07
8078,18.01
8079,18.26
8080,19.57
8081,40.18
8082,30.49
8083,26.13
8084,21.24
8085,18.91
8086,18.24
8087,17.57
8088,17.05
8089,16.48
8090,16.51
8091,16.96
8092,18.07
8093,19.61
8094,48.98
8095,39.51
8096,26.15
8097,22.64
8098,21.76
8099,18.86
8100,19.88
8101,19.4
8102,18.99
8103,19.19
8104,20.2
8105,24.02
8106,18.97
8107,18.33
8108,18.23
8109,16.84
8110,14.49
8111,13.25
8112,9.65
8113,9.01
8114,9.86
8115,11.87
8116,14.14
8117,15.21
8118,22.4
8119,21.33
8120,20.65
8121,19.29
8122,21.34
8123,19.05
8124,18.17
8125,17.13
8126,16.17
8127,16.96
8128,18.37
8129,25.8
8130,22.12
8131,19.74
8132,19.36
8133,17.03
8134,16.11
8135,13.91
8136,10.59
8137,9.27
8138,8.95
8139,11.99
8140,13.96
8141,16.69
8142,18.33
8143,18.47
8144,18.56
8145,18.96
8146,19.15
8147,20.74
8148,22.46
8149,23.29
8150,22.92
8151,22.16
8152,28.61
8153,45.75
8154,39.0
8155,27.47
8156,21.91
8157,22.55
8158,21.71
8159,19.25
8160,18.11
8161,16.79
8162,17.04
8163,16.89
8164,17.32
8165,18.15
8166,23.99
8167,26.96
8168,35.25
8169,34.79
8170,27.65
8171,24.06
8172,20.68
8173,19.22
8174,19.32
8175,18.37
8176,18.49
8177,23.15
8178,19.18
8179,18.13
8180,17.57
8181,15.48
8182,13.05
8183,14.26
8184,9.81
8185,8.01
8186,8.96
8187,10.58
8188,12.15
8189,13.32
8190,15.17
8191,15.0
8192,18.22
8193,18.01
8194,18.34
8195,17.77
8196,17.15
8197,15.45
8198,15.69
8199,15.54
8200,16.86
8201,25.21
8202,19.99
8203,18.59
8204,17.97
8205,16.57
8206,13.62
8207,13.2
8208,7.81
8209,8.53
8210,8.87
8211,10.71
8212,12.6
8213,13.94
8214,16.65
8215,17.76
8216,17.94
8217,19.5
8218,20.65
8219,18.3
8220,20.52
8221,21.02
8222,19.8
8223,18.56
8224,18.99
8225,28.31
8226,21.1
8227,20.14
8228,17.95
8229,19.19
8230,17.53
8231,16.52
8232,15.24
8233,14.04
8234,16.13
8235,16.82
8236,17.73
8237,19.96
8238,28.2
8239,24.41
8240,23.81
8241,23.98
8242,24.9
8243,22.73
8244,21.77
8245,20.04
8246,19.19
8247,20.42
8248,22.25
8249,43.46
8250,41.41
8251,35.79
8252,28.75
8253,24.08
8254,20.92
8255,18.95
8256,16.97
8257,16.05
8258,15.46
8259,15.63
8260,16.74
8261,22.56
8262,51.87
8263,45.12
8264,29.14
8265,21.62
8266,20.65
8267,18.72
8268,16.98
8269,15.79
8270,15.22
8271,14.71
8272,15.29
8273,19.98
8274,22.12
8275,19.66
8276,17.79
8277,15.94
8278,13.95
8279,13.41
8280,13.21
8281,12.8
8282,13.92
8283,14.11
8284,15.33
8285,16.44
8286,29.92
8287,22.64
8288,20.51
8289,22.12
8290,19.85
8291,19.22
8292,18.39
8293,19.22
8294,19.11
8295,18.18
8296,21.76
8297,35.65
8298,31.29
8299,23.8
8300,21.03
8301,18.43
8302,17.97
8303,16.44
8304,16.5
8305,14.5
8306,14.92
8307,14.58
8308,14.39
8309,18.31
8310,26.68
8311,22.54
8312,18.12
8313,18.26
8314,17.35
8315,16.26
8316,16.28
8317,16.12
8318,15.83
8319,16.88
8320,17.8
8321,31.51
8322,32.53
8323,27.03
8324,19.58
8325,18.59
8326,18.97
8327,18.02
8328,15.58
8329,14.25
8330,14.91
8331,14.59
8332,15.6
8333,17.13
8334,19.32
8335,24.38
8336,27.97
8337,23.97
8338,21.04
8339,19.75
8340,17.54
8341,16.71
8342,16.32
8343,15.21
8344,15.78
8345,20.13
8346,19.36
8347,16.76
8348,16.18
8349,15.43
8350,14.72
8351,12.91
8352,13.31
8353,10.59
8354,9.59
8355,9.44
8356,10.67
8357,13.0
8358,15.58
8359,17.03
8360,15.81
8361,17.33
8362,16.79
8363,18.28
8364,17.16
8365,17.26
8366,17.0
8367,17.99
8368,17.56
8369,19.82
8370,17.29
8371,15.68
8372,14.81
8373,17.52
8374,15.09
8375,14.83
8376,14.25
8377,13.77
8378,14.45
8379,15.03
8380,15.53
8381,17.38
8382,26.45
8383,20.85
8384,19.66
8385,19.96
8386,18.31
8387,15.95
8388,15.48
8389,14.79
8390,14.61
8391,15.09
8392,16.35
8393,23.8
8394,21.58
8395,19.42
8396,18.53
8397,17.21
8398,16.21
8399,14.03
8400,17.17
8401,15.97
8402,15.63
8403,16.25
8404,16.95
8405,20.99
8406,54.41
8407,34.35
8408,24.29
8409,22.01
8410,19.35
8411,17.97
8412,16.67
8413,15.15
8414,15.03
8415,14.62
8416,16.06
8417,26.97
8418,38.31
8419,33.96
8420,33.85
8421,27.56
8422,19.7
8423,19.83
8424,17.37
8425,15.66
8426,15.69
8427,16.06
8428,18.06
8429,20.76
8430,60.41
8431,51.49
8432,27.92
8433,22.69
8434,21.2
8435,18.92
8436,17.28
8437,17.13
8438,16.15
8439,16.16
8440,17.84
8441,25.43
8442,34.71
8443,25.85
8444,20.03
8445,18.63
8446,17.67
8447,16.88
8448,13.92
8449,13.93
8450,14.16
8451,14.4
8452,15.35
8453,21.09
8454,53.48
8455,27.93
8456,19.84
8457,18.97
8458,16.54
8459,15.3
8460,14.86
8461,14.25
8462,13.29
8463,13.61
8464,13.93
8465,18.2
8466,18.52
8467,17.48
8468,17.58
8469,16.91
8470,15.28
8471,14.06
8472,14.51
8473,14.72
8474,15.07
8475,16.51
8476,17.86
8477,17.73
8478,21.55
8479,20.13
8480,19.17
8481,18.85
8482,18.18
8483,18.17
8484,16.95
8485,17.5
8486,16.44
8487,17.2
8488,19.76
8489,31.23
8490,26.17
8491,22.08
8492,21.37
8493,20.02
8494,19.06
8495,18.33
8496,17.1
8497,15.14
8498,14.54
8499,15.09
8500,14.57
8501,15.86
8502,17.09
8503,18.93
8504,19.87
8505,23.76
8506,20.0
8507,20.24
8508,18.71
8509,16.56
8510,15.88
8511,15.7
8512,18.51
8513,33.52
8514,30.1
8515,27.1
8516,24.48
8517,20.55
8518,18.01
8519,16.9
8520,17.67
8521,15.61
8522,15.62
8523,16.57
8524,17.37
8525,19.6
8526,26.07
8527,24.58
8528,27.87
8529,27.21
8530,20.56
8531,18.94
8532,17.35
8533,16.41
8534,15.75
8535,15.86
8536,16.54
8537,23.6
8538,18.96
8539,17.74
8540,17.3
8541,16.64
8542,15.52
8543,14.4
8544,14.31
8545,14.02
8546,14.08
8547,14.88
8548,16.78
8549,19.37
8550,34.23
8551,33.52
8552,22.98
8553,22.21
8554,18.58
8555,18.01
8556,17.49
8557,16.28
8558,16.09
8559,15.82
8560,15.69
8561,19.21
8562,16.57
8563,15.2
8564,15.03
8565,14.79
8566,13.35
8567,12.63
8568,11.53
8569,9.73
8570,10.6
8571,12.03
8572,12.89
8573,13.55
8574,17.78
8575,17.28
8576,17.16
8577,18.03
8578,19.69
8579,17.74
8580,16.32
8581,16.81
8582,15.13
8583,15.02
8584,15.13
8585,17.1
8586,14.88
8587,11.98
8588,11.68
8589,11.21
8590,11.32
8591,10.44
8592,7.82
8593,6.83
8594,8.12
8595,8.95
8596,10.61
8597,12.68
8598,15.0
8599,16.36
8600,17.56
8601,17.13
8602,17.98
8603,15.91
8604,15.83
8605,14.68
8606,14.71
8607,14.49
8608,14.97
8609,19.37
8610,19.51
8611,18.63
8612,18.94
8613,17.01
8614,14.92
8615,14.22
8616,13.79
8617,13.21
8618,13.85
8619,14.15
8620,15.12
8621,15.55
8622,18.03
8623,18.32
8624,18.68
8625,23.39
8626,23.1
8627,21.78
8628,20.07
8629,17.87
8630,17.95
8631,16.59
8632,16.01
8633,21.26
8634,19.32
8635,18.0
8636,17.4
8637,16.7
8638,16.06
8639,14.7
8640,13.97
8641,12.92
8642,12.95
8643,12.55
8644,13.06
8645,13.6
8646,15.66
8647,15.5
8648,15.25
8649,15.38
8650,15.04
8651,13.71
8652,12.44
8653,12.35
8654,12.34
8655,12.29
8656,13.73
8657,17.5
8658,15.79
8659,14.81
8660,13.61
8661,14.82
8662,9.62
8663,8.57
8664,4.12
8665,3.49
8666,3.54
8667,5.52
8668,9.91
8669,12.78
8670,13.6
8671,14.52
8672,15.33
8673,15.33
8674,17.6
8675,15.35
8676,14.9
8677,14.87
8678,13.43
8679,13.53
8680,14.81
8681,19.15
8682,14.74
8683,13.07
8684,12.1
8685,12.54
8686,11.56
8687,9.33
8688,6.63
8689,5.11
8690,4.88
8691,6.07
8692,9.49
8693,11.7
8694,13.26
8695,15.57
8696,17.9
8697,19.55
8698,16.97
8699,14.94
8700,13.27
8701,14.02
8702,14.95
8703,12.99
8704,14.65
8705,19.65
8706,22.12
8707,21.76
8708,23.4
8709,19.7
8710,16.56
8711,15.57
8712,13.55
8713,13.18
8714,14.1
8715,14.71
8716,15.59
8717,17.63
8718,35.23
8719,29.83
8720,26.5
8721,24.24
8722,19.85
8723,18.48
8724,16.82
8725,15.71
8726,15.09
8727,15.06
8728,16.5
8729,27.96
8730,30.36
8731,24.58
8732,22.09
8733,19.58
8734,16.99
8735,16.48
8736,15.52
8737,15.79
8738,15.91
8739,16.37
8740,16.28
8741,19.09
8742,40.54
8743,33.34
8744,25.89
8745,20.17
8746,17.92
8747,16.6
8748,16.18
8749,15.69
8750,14.49
8751,14.87
8752,16.59
8753,22.63
8754,21.0
8755,18.74
8756,17.39
8757,15.81
8758,15.23
8759,14.45
