EIA_ID,plant,state,bal_auth,week,mean,max,min
6416.0,Denison,TX,ERCO,1.0,23.59434421510811,101.6,0.0
6416.0,Denison,TX,ERCO,2.0,33.5318635766438,101.6,0.0
6416.0,Denison,TX,ERCO,3.0,37.09619800651234,101.6,0.0
6416.0,Denison,TX,ERCO,4.0,33.6093491077279,101.6,0.0
6416.0,Denison,TX,ERCO,5.0,36.658598500451596,101.6,0.0
6416.0,Denison,TX,ERCO,6.0,59.45880949887472,101.6,0.0
6416.0,Denison,TX,ERCO,7.0,59.609465266186064,101.6,0.0
6416.0,Denison,TX,ERCO,8.0,51.46066220761281,101.6,0.0
6416.0,Denison,TX,ERCO,9.0,36.12336251186948,101.6,0.0
6416.0,Denison,TX,ERCO,10.0,8.746633822028992,101.6,0.0
6416.0,Denison,TX,ERCO,11.0,14.338191772440341,101.6,0.0
6416.0,Denison,TX,ERCO,12.0,35.62091887084336,101.6,0.0
6416.0,Denison,TX,ERCO,13.0,22.284828598552046,101.6,0.0
6416.0,Denison,TX,ERCO,14.0,16.200917316396474,101.6,0.0
6416.0,Denison,TX,ERCO,15.0,17.743651199428026,101.6,0.0
6416.0,Denison,TX,ERCO,16.0,23.743997434592718,101.6,0.0
6416.0,Denison,TX,ERCO,17.0,74.96411114173581,101.6,0.0
6416.0,Denison,TX,ERCO,18.0,34.427534399552286,101.6,0.0
6416.0,Denison,TX,ERCO,19.0,21.100039221479076,101.6,0.0
6416.0,Denison,TX,ERCO,20.0,50.7024972050329,101.6,0.0
6416.0,Denison,TX,ERCO,21.0,59.43892749266935,101.6,0.0
6416.0,Denison,TX,ERCO,22.0,58.94794707757536,101.6,0.0
6416.0,Denison,TX,ERCO,23.0,27.416669840385794,101.6,0.0
6416.0,Denison,TX,ERCO,24.0,30.10290654325408,101.6,0.0
6416.0,Denison,TX,ERCO,25.0,22.118814120840014,101.6,0.0
6416.0,Denison,TX,ERCO,26.0,27.06490074834352,101.6,0.0
6416.0,Denison,TX,ERCO,27.0,94.98572993128992,101.6,0.0
6416.0,Denison,TX,ERCO,28.0,45.73747472087281,101.6,0.0
6416.0,Denison,TX,ERCO,29.0,17.2728023813997,101.6,0.0
6416.0,Denison,TX,ERCO,30.0,18.92228607517647,101.6,0.0
6416.0,Denison,TX,ERCO,31.0,18.619307116656188,101.6,0.0
6416.0,Denison,TX,ERCO,32.0,18.12546267622502,101.6,0.0
6416.0,Denison,TX,ERCO,33.0,19.45432542601971,101.6,0.0
6416.0,Denison,TX,ERCO,34.0,18.863094117848338,101.6,0.0
6416.0,Denison,TX,ERCO,35.0,17.697523824596217,101.6,0.0
6416.0,Denison,TX,ERCO,36.0,22.066093064061786,101.6,0.0
6416.0,Denison,TX,ERCO,37.0,22.515533855773946,101.6,0.0
6416.0,Denison,TX,ERCO,38.0,20.48580124804159,101.6,0.0
6416.0,Denison,TX,ERCO,39.0,17.99937880356945,101.6,0.0
6416.0,Denison,TX,ERCO,40.0,29.91448257348728,101.6,0.0
6416.0,Denison,TX,ERCO,41.0,24.53522661285424,101.6,0.0
6416.0,Denison,TX,ERCO,42.0,17.83412029127213,101.6,0.0
6416.0,Denison,TX,ERCO,43.0,7.7040456670254915,101.6,0.0
6416.0,Denison,TX,ERCO,44.0,10.055242117875713,101.6,0.0
6416.0,Denison,TX,ERCO,45.0,14.362525295409661,101.6,0.0
6416.0,Denison,TX,ERCO,46.0,30.337272800276203,101.6,0.0
6416.0,Denison,TX,ERCO,47.0,13.145235038036793,101.6,0.0
6416.0,Denison,TX,ERCO,48.0,14.020084298982384,101.6,0.0
6416.0,Denison,TX,ERCO,49.0,9.375376232693744,101.6,0.0
6416.0,Denison,TX,ERCO,50.0,11.523106612563474,101.6,0.0
6416.0,Denison,TX,ERCO,51.0,16.87720043188411,101.6,0.0
6416.0,Denison,TX,ERCO,52.0,16.702792539334403,101.6,0.0
6414.0,Whitney,TX,ERCO,1.0,0.0,41.8,0.0
6414.0,Whitney,TX,ERCO,2.0,0.0,41.8,0.0
6414.0,Whitney,TX,ERCO,3.0,0.0,41.8,0.0
6414.0,Whitney,TX,ERCO,4.0,0.0,41.8,0.0
6414.0,Whitney,TX,ERCO,5.0,0.0,41.8,0.0
6414.0,Whitney,TX,ERCO,6.0,0.0,41.8,0.0
6414.0,Whitney,TX,ERCO,7.0,0.0,41.8,0.0
6414.0,Whitney,TX,ERCO,8.0,0.0,41.8,0.0
6414.0,Whitney,TX,ERCO,9.0,0.0,41.8,0.0
6414.0,Whitney,TX,ERCO,10.0,0.0,41.8,0.0
6414.0,Whitney,TX,ERCO,11.0,0.0,41.8,0.0
6414.0,Whitney,TX,ERCO,12.0,0.0,41.8,0.0
6414.0,Whitney,TX,ERCO,13.0,0.0,41.8,0.0
6414.0,Whitney,TX,ERCO,14.0,0.0,41.8,0.0
6414.0,Whitney,TX,ERCO,15.0,0.0,41.8,0.0
6414.0,Whitney,TX,ERCO,16.0,0.0,41.8,0.0
6414.0,Whitney,TX,ERCO,17.0,0.0,41.8,0.0
6414.0,Whitney,TX,ERCO,18.0,0.0,41.8,0.0
6414.0,Whitney,TX,ERCO,19.0,0.0,41.8,0.0
6414.0,Whitney,TX,ERCO,20.0,0.0,41.8,0.0
6414.0,Whitney,TX,ERCO,21.0,0.0,41.8,0.0
6414.0,Whitney,TX,ERCO,22.0,0.0,41.8,0.0
6414.0,Whitney,TX,ERCO,23.0,0.0,41.8,0.0
6414.0,Whitney,TX,ERCO,24.0,0.0,41.8,0.0
6414.0,Whitney,TX,ERCO,25.0,0.0,41.8,0.0
6414.0,Whitney,TX,ERCO,26.0,0.0,41.8,0.0
6414.0,Whitney,TX,ERCO,27.0,0.0,41.8,0.0
6414.0,Whitney,TX,ERCO,28.0,0.0,41.8,0.0
6414.0,Whitney,TX,ERCO,29.0,0.0,41.8,0.0
6414.0,Whitney,TX,ERCO,30.0,0.0,41.8,0.0
6414.0,Whitney,TX,ERCO,31.0,0.0,41.8,0.0
6414.0,Whitney,TX,ERCO,32.0,0.0,41.8,0.0
6414.0,Whitney,TX,ERCO,33.0,0.0,41.8,0.0
6414.0,Whitney,TX,ERCO,34.0,0.0,41.8,0.0
6414.0,Whitney,TX,ERCO,35.0,0.0,41.8,0.0
6414.0,Whitney,TX,ERCO,36.0,0.0,41.8,0.0
6414.0,Whitney,TX,ERCO,37.0,0.0,41.8,0.0
6414.0,Whitney,TX,ERCO,38.0,0.0,41.8,0.0
6414.0,Whitney,TX,ERCO,39.0,0.0,41.8,0.0
6414.0,Whitney,TX,ERCO,40.0,0.0,41.8,0.0
6414.0,Whitney,TX,ERCO,41.0,0.0,41.8,0.0
6414.0,Whitney,TX,ERCO,42.0,0.0,41.8,0.0
6414.0,Whitney,TX,ERCO,43.0,0.0,41.8,0.0
6414.0,Whitney,TX,ERCO,44.0,0.0,41.8,0.0
6414.0,Whitney,TX,ERCO,45.0,0.0,41.8,0.0
6414.0,Whitney,TX,ERCO,46.0,0.0,41.8,0.0
6414.0,Whitney,TX,ERCO,47.0,0.0,41.8,0.0
6414.0,Whitney,TX,ERCO,48.0,0.0,41.8,0.0
6414.0,Whitney,TX,ERCO,49.0,0.0,41.8,0.0
6414.0,Whitney,TX,ERCO,50.0,0.0,41.8,0.0
6414.0,Whitney,TX,ERCO,51.0,0.0,41.8,0.0
6414.0,Whitney,TX,ERCO,52.0,0.0,41.8,0.0
791.0,Canyon,TX,ERCO,1.0,1.8612528837604856,6.0,0.0
791.0,Canyon,TX,ERCO,2.0,2.049930489057504,6.0,0.0
791.0,Canyon,TX,ERCO,3.0,1.3173509171208782,6.0,0.0
791.0,Canyon,TX,ERCO,4.0,1.2285044420238234,6.0,0.0
791.0,Canyon,TX,ERCO,5.0,2.122891760075673,6.0,0.0
791.0,Canyon,TX,ERCO,6.0,3.072596261345764,6.0,0.0
791.0,Canyon,TX,ERCO,7.0,2.832093115797852,6.0,0.0
791.0,Canyon,TX,ERCO,8.0,2.5870945843518465,6.0,0.0
791.0,Canyon,TX,ERCO,9.0,2.0109852446431336,6.0,0.0
791.0,Canyon,TX,ERCO,10.0,0.9799584636356344,6.0,0.0
791.0,Canyon,TX,ERCO,11.0,1.0283387659369738,6.0,0.0
791.0,Canyon,TX,ERCO,12.0,0.9449599470772192,6.0,0.0
791.0,Canyon,TX,ERCO,13.0,0.9109907986528748,6.0,0.0
791.0,Canyon,TX,ERCO,14.0,1.283828976124612,6.0,0.0
791.0,Canyon,TX,ERCO,15.0,1.7492572517316465,6.0,0.0
791.0,Canyon,TX,ERCO,16.0,1.5828230666154317,6.0,0.0
791.0,Canyon,TX,ERCO,17.0,2.827682838964264,6.0,0.0
791.0,Canyon,TX,ERCO,18.0,1.3968743862668982,6.0,0.0
791.0,Canyon,TX,ERCO,19.0,3.8864159406497114,6.0,0.0
791.0,Canyon,TX,ERCO,20.0,2.380066427357852,6.0,0.0
791.0,Canyon,TX,ERCO,21.0,1.8030029077937173,6.0,0.0
791.0,Canyon,TX,ERCO,22.0,1.261801431510555,6.0,0.0
791.0,Canyon,TX,ERCO,23.0,1.3743852158770191,6.0,0.0
791.0,Canyon,TX,ERCO,24.0,1.2647268209932143,6.0,0.0
791.0,Canyon,TX,ERCO,25.0,1.5968351026413088,6.0,0.0
791.0,Canyon,TX,ERCO,26.0,1.1080719711592075,6.0,0.0
791.0,Canyon,TX,ERCO,27.0,2.392970162511622,6.0,0.0
791.0,Canyon,TX,ERCO,28.0,2.192684516467999,6.0,0.0
791.0,Canyon,TX,ERCO,29.0,2.0511408953596453,6.0,0.0
791.0,Canyon,TX,ERCO,30.0,1.854966402946313,6.0,0.0
791.0,Canyon,TX,ERCO,31.0,1.4282989735266456,6.0,0.0
791.0,Canyon,TX,ERCO,32.0,1.0488305489848215,6.0,0.0
791.0,Canyon,TX,ERCO,33.0,0.9219813541176376,6.0,0.0
791.0,Canyon,TX,ERCO,34.0,0.8540828224252446,6.0,0.0
791.0,Canyon,TX,ERCO,35.0,0.8454858507122541,6.0,0.0
791.0,Canyon,TX,ERCO,36.0,1.0100401802580898,6.0,0.0
791.0,Canyon,TX,ERCO,37.0,1.0057286180417555,6.0,0.0
791.0,Canyon,TX,ERCO,38.0,1.0563327430018892,6.0,0.0
791.0,Canyon,TX,ERCO,39.0,1.055878894347538,6.0,0.0
791.0,Canyon,TX,ERCO,40.0,0.9341335916709584,6.0,0.0
791.0,Canyon,TX,ERCO,41.0,0.8433553080842571,6.0,0.0
791.0,Canyon,TX,ERCO,42.0,0.8661780677102484,6.0,0.0
791.0,Canyon,TX,ERCO,43.0,0.8705252600199612,6.0,0.0
791.0,Canyon,TX,ERCO,44.0,1.1596579895027364,6.0,0.0
791.0,Canyon,TX,ERCO,45.0,0.9147725567298084,6.0,0.0
791.0,Canyon,TX,ERCO,46.0,0.8808537913434895,6.0,0.0
791.0,Canyon,TX,ERCO,47.0,0.8940903827137603,6.0,0.0
791.0,Canyon,TX,ERCO,48.0,0.8754764260993171,6.0,0.0
791.0,Canyon,TX,ERCO,49.0,0.7190574836447989,6.0,0.0
791.0,Canyon,TX,ERCO,50.0,0.7212715403211093,6.0,0.0
791.0,Canyon,TX,ERCO,51.0,0.7006637820262205,6.0,0.0
791.0,Canyon,TX,ERCO,52.0,0.6794258691388433,6.0,0.0
794.0,Lewisville,TX,ERCO,1.0,1.1965602324352882,2.8,0.0
794.0,Lewisville,TX,ERCO,2.0,1.5864281337257569,2.8,0.0
794.0,Lewisville,TX,ERCO,3.0,0.9962987246245566,2.8,0.0
794.0,Lewisville,TX,ERCO,4.0,0.6370301260282244,2.8,0.0
794.0,Lewisville,TX,ERCO,5.0,0.566696370348996,2.8,0.0
794.0,Lewisville,TX,ERCO,6.0,0.9751201562253576,2.8,0.0
794.0,Lewisville,TX,ERCO,7.0,1.68637225341627,2.8,0.0
794.0,Lewisville,TX,ERCO,8.0,2.0336566665970888,2.8,0.0
794.0,Lewisville,TX,ERCO,9.0,2.076951161840832,2.8,0.0
794.0,Lewisville,TX,ERCO,10.0,0.31327271629960496,2.8,0.0
794.0,Lewisville,TX,ERCO,11.0,0.5149426256314924,2.8,0.0
794.0,Lewisville,TX,ERCO,12.0,1.032373821572728,2.8,0.0
794.0,Lewisville,TX,ERCO,13.0,0.6152511519626828,2.8,0.0
794.0,Lewisville,TX,ERCO,14.0,0.2986415637888572,2.8,0.0
794.0,Lewisville,TX,ERCO,15.0,0.9843395849925248,2.8,0.0
794.0,Lewisville,TX,ERCO,16.0,1.1921292324355235,2.8,0.0
794.0,Lewisville,TX,ERCO,17.0,1.8021919729559257,2.8,0.0
794.0,Lewisville,TX,ERCO,18.0,1.484513291563779,2.8,0.0
794.0,Lewisville,TX,ERCO,19.0,1.31382276220243,2.8,0.0
794.0,Lewisville,TX,ERCO,20.0,1.3965449361188793,2.8,0.0
794.0,Lewisville,TX,ERCO,21.0,1.7031035806327797,2.8,0.0
794.0,Lewisville,TX,ERCO,22.0,1.0055218860097783,2.8,0.0
794.0,Lewisville,TX,ERCO,23.0,0.8526480495971255,2.8,0.0
794.0,Lewisville,TX,ERCO,24.0,0.8663195843314458,2.8,0.0
794.0,Lewisville,TX,ERCO,25.0,0.8603952526132403,2.8,0.0
794.0,Lewisville,TX,ERCO,26.0,0.7792774798562716,2.8,0.0
794.0,Lewisville,TX,ERCO,27.0,2.604848086953532,2.8,0.0
794.0,Lewisville,TX,ERCO,28.0,1.8256660991418177,2.8,0.0
794.0,Lewisville,TX,ERCO,29.0,0.958793874444409,2.8,0.0
794.0,Lewisville,TX,ERCO,30.0,0.3414232704888594,2.8,0.0
794.0,Lewisville,TX,ERCO,31.0,0.3671231130024457,2.8,0.0
794.0,Lewisville,TX,ERCO,32.0,0.6197569353142256,2.8,0.0
794.0,Lewisville,TX,ERCO,33.0,0.5332477884001352,2.8,0.0
794.0,Lewisville,TX,ERCO,34.0,0.58393674167011,2.8,0.0
794.0,Lewisville,TX,ERCO,35.0,0.5690679820442508,2.8,0.0
794.0,Lewisville,TX,ERCO,36.0,0.8186048722374312,2.8,0.0
794.0,Lewisville,TX,ERCO,37.0,0.6037528385519503,2.8,0.0
794.0,Lewisville,TX,ERCO,38.0,0.5643040411928352,2.8,0.0
794.0,Lewisville,TX,ERCO,39.0,0.5791185037203999,2.8,0.0
794.0,Lewisville,TX,ERCO,40.0,0.3505537089760465,2.8,0.0
794.0,Lewisville,TX,ERCO,41.0,0.2690120794057781,2.8,0.0
794.0,Lewisville,TX,ERCO,42.0,0.4682156488638102,2.8,0.0
794.0,Lewisville,TX,ERCO,43.0,0.6660895324180758,2.8,0.0
794.0,Lewisville,TX,ERCO,44.0,1.176940824842878,2.8,0.0
794.0,Lewisville,TX,ERCO,45.0,0.703480939098094,2.8,0.0
794.0,Lewisville,TX,ERCO,46.0,0.6585076708507671,2.8,0.0
794.0,Lewisville,TX,ERCO,47.0,0.3507089725708973,2.8,0.0
794.0,Lewisville,TX,ERCO,48.0,0.4435437006043701,2.8,0.0
794.0,Lewisville,TX,ERCO,49.0,0.5540239356113142,2.8,0.0
794.0,Lewisville,TX,ERCO,50.0,0.3749008594964906,2.8,0.0
794.0,Lewisville,TX,ERCO,51.0,0.4262245492371706,2.8,0.0
794.0,Lewisville,TX,ERCO,52.0,0.3992371256251839,2.8,0.0
3437.0,Eagle Pass,TX,ERCO,1.0,3.666041312959819,9.6,0.0
3437.0,Eagle Pass,TX,ERCO,2.0,5.328068154256608,9.6,0.0
3437.0,Eagle Pass,TX,ERCO,3.0,7.29408400032339,9.6,0.0
3437.0,Eagle Pass,TX,ERCO,4.0,3.4942214406985204,9.6,0.0
3437.0,Eagle Pass,TX,ERCO,5.0,9.6,9.6,0.0
3437.0,Eagle Pass,TX,ERCO,6.0,6.605881192026841,9.6,0.0
3437.0,Eagle Pass,TX,ERCO,7.0,5.251159463193211,9.6,0.0
3437.0,Eagle Pass,TX,ERCO,8.0,3.6771018354055647,9.6,0.0
3437.0,Eagle Pass,TX,ERCO,9.0,3.101875422724088,9.6,0.0
3437.0,Eagle Pass,TX,ERCO,10.0,1.7450947800777157,9.6,0.0
3437.0,Eagle Pass,TX,ERCO,11.0,1.783703071672355,9.6,0.0
3437.0,Eagle Pass,TX,ERCO,12.0,1.111918797925624,9.6,0.0
3437.0,Eagle Pass,TX,ERCO,13.0,1.0115372397795608,9.6,0.0
3437.0,Eagle Pass,TX,ERCO,14.0,9.6,9.6,0.0
3437.0,Eagle Pass,TX,ERCO,15.0,9.6,9.6,0.0
3437.0,Eagle Pass,TX,ERCO,16.0,0.7850537144015404,9.6,0.0
3437.0,Eagle Pass,TX,ERCO,17.0,1.0780921976574152,9.6,0.0
3437.0,Eagle Pass,TX,ERCO,18.0,9.6,9.6,0.0
3437.0,Eagle Pass,TX,ERCO,19.0,9.6,9.6,0.0
3437.0,Eagle Pass,TX,ERCO,20.0,0.490954196163853,9.6,0.0
3437.0,Eagle Pass,TX,ERCO,21.0,0.3498048647667453,9.6,0.0
3437.0,Eagle Pass,TX,ERCO,22.0,0.1978208044793821,9.6,0.0
3437.0,Eagle Pass,TX,ERCO,23.0,0.542799945813327,9.6,0.0
3437.0,Eagle Pass,TX,ERCO,24.0,0.16527562452649378,9.6,0.0
3437.0,Eagle Pass,TX,ERCO,25.0,0.10438460496410136,9.6,0.0
3437.0,Eagle Pass,TX,ERCO,26.0,9.6,9.6,0.0
3437.0,Eagle Pass,TX,ERCO,27.0,0.005219230248205066,9.6,0.0
3437.0,Eagle Pass,TX,ERCO,28.0,9.6,9.6,0.0
3437.0,Eagle Pass,TX,ERCO,29.0,1.412024901703801,9.6,0.0
3437.0,Eagle Pass,TX,ERCO,30.0,0.0,9.6,0.0
3437.0,Eagle Pass,TX,ERCO,31.0,0.0,9.6,0.0
3437.0,Eagle Pass,TX,ERCO,32.0,0.0,9.6,0.0
3437.0,Eagle Pass,TX,ERCO,33.0,9.6,9.6,0.0
3437.0,Eagle Pass,TX,ERCO,34.0,0.0,9.6,0.0
3437.0,Eagle Pass,TX,ERCO,35.0,4.160714285714286,9.6,0.0
3437.0,Eagle Pass,TX,ERCO,36.0,9.6,9.6,0.0
3437.0,Eagle Pass,TX,ERCO,37.0,0.033260906650385634,9.6,0.0
3437.0,Eagle Pass,TX,ERCO,38.0,0.017166919561489358,9.6,0.0
3437.0,Eagle Pass,TX,ERCO,39.0,0.055792488574840406,9.6,0.0
3437.0,Eagle Pass,TX,ERCO,40.0,0.04210191365445946,9.6,0.0
3437.0,Eagle Pass,TX,ERCO,41.0,0.06846487740687526,9.6,0.0
3437.0,Eagle Pass,TX,ERCO,42.0,3.3631283682304085,9.6,0.0
3437.0,Eagle Pass,TX,ERCO,43.0,9.6,9.6,0.0
3437.0,Eagle Pass,TX,ERCO,44.0,0.8132799840727805,9.6,0.0
3437.0,Eagle Pass,TX,ERCO,45.0,2.0783685005348493,9.6,0.0
3437.0,Eagle Pass,TX,ERCO,46.0,9.6,9.6,0.0
3437.0,Eagle Pass,TX,ERCO,47.0,2.6362327047982603,9.6,0.0
3437.0,Eagle Pass,TX,ERCO,48.0,2.1769677552418707,9.6,0.0
3437.0,Eagle Pass,TX,ERCO,49.0,2.186499246324052,9.6,0.0
3437.0,Eagle Pass,TX,ERCO,50.0,2.53729273911436,9.6,0.0
3437.0,Eagle Pass,TX,ERCO,51.0,9.6,9.6,0.0
3437.0,Eagle Pass,TX,ERCO,52.0,0.5769360939677485,9.6,0.0
3581.0,Abbott TP 3,TX,ERCO,1.0,1.8268347558854228,2.8,0.0
3581.0,Abbott TP 3,TX,ERCO,2.0,2.0120233511704577,2.8,0.0
3581.0,Abbott TP 3,TX,ERCO,3.0,1.2929905775252233,2.8,0.0
3581.0,Abbott TP 3,TX,ERCO,4.0,1.205787043786551,2.8,0.0
3581.0,Abbott TP 3,TX,ERCO,5.0,2.0836356760292984,2.8,0.0
3581.0,Abbott TP 3,TX,ERCO,6.0,2.8,2.8,0.0
3581.0,Abbott TP 3,TX,ERCO,7.0,2.779722940708317,2.8,0.0
3581.0,Abbott TP 3,TX,ERCO,8.0,2.5392548450438674,2.8,0.0
3581.0,Abbott TP 3,TX,ERCO,9.0,1.9737985021680289,2.8,0.0
3581.0,Abbott TP 3,TX,ERCO,10.0,0.9618365808676128,2.8,0.0
3581.0,Abbott TP 3,TX,ERCO,11.0,1.0093222103852366,2.8,0.0
3581.0,Abbott TP 3,TX,ERCO,12.0,0.9274852744080552,2.8,0.0
3581.0,Abbott TP 3,TX,ERCO,13.0,0.8941443004914257,2.8,0.0
3581.0,Abbott TP 3,TX,ERCO,14.0,1.2600876691504617,2.8,0.0
3581.0,Abbott TP 3,TX,ERCO,15.0,1.7169089617017923,2.8,0.0
3581.0,Abbott TP 3,TX,ERCO,16.0,1.5535525750544374,2.8,0.0
3581.0,Abbott TP 3,TX,ERCO,17.0,2.7753916711004702,2.8,0.0
3581.0,Abbott TP 3,TX,ERCO,18.0,1.3710428694584489,2.8,0.0
3581.0,Abbott TP 3,TX,ERCO,19.0,2.8,2.8,0.0
3581.0,Abbott TP 3,TX,ERCO,20.0,2.336054266041568,2.8,0.0
3581.0,Abbott TP 3,TX,ERCO,21.0,1.7696617985207137,2.8,0.0
3581.0,Abbott TP 3,TX,ERCO,22.0,1.238468249264853,2.8,0.0
3581.0,Abbott TP 3,TX,ERCO,23.0,1.3489702756260131,2.8,0.0
3581.0,Abbott TP 3,TX,ERCO,24.0,1.2413396685281932,2.8,0.0
3581.0,Abbott TP 3,TX,ERCO,25.0,1.5673066500244488,2.8,0.0
3581.0,Abbott TP 3,TX,ERCO,26.0,1.08758165838845,2.8,0.0
3581.0,Abbott TP 3,TX,ERCO,27.0,2.3487194598424472,2.8,0.0
3581.0,Abbott TP 3,TX,ERCO,28.0,2.1521374706977388,2.8,0.0
3581.0,Abbott TP 3,TX,ERCO,29.0,2.0132112693050197,2.8,0.0
3581.0,Abbott TP 3,TX,ERCO,30.0,1.820664428778268,2.8,0.0
3581.0,Abbott TP 3,TX,ERCO,31.0,1.4018866934493162,2.8,0.0
3581.0,Abbott TP 3,TX,ERCO,32.0,1.0294351222156517,2.8,0.0
3581.0,Abbott TP 3,TX,ERCO,33.0,0.904931677357519,2.8,0.0
3581.0,Abbott TP 3,TX,ERCO,34.0,0.8382887545911327,2.8,0.0
3581.0,Abbott TP 3,TX,ERCO,35.0,0.8298507617860864,2.8,0.0
3581.0,Abbott TP 3,TX,ERCO,36.0,0.9913619449351094,2.8,0.0
3581.0,Abbott TP 3,TX,ERCO,37.0,0.9871301145703,2.8,0.0
3581.0,Abbott TP 3,TX,ERCO,38.0,1.0367984393783272,2.8,0.0
3581.0,Abbott TP 3,TX,ERCO,39.0,1.0363529835504526,2.8,0.0
3581.0,Abbott TP 3,TX,ERCO,40.0,0.916859393231494,2.8,0.0
3581.0,Abbott TP 3,TX,ERCO,41.0,0.8277599261588335,2.8,0.0
3581.0,Abbott TP 3,TX,ERCO,42.0,0.850160645810039,2.8,0.0
3581.0,Abbott TP 3,TX,ERCO,43.0,0.854427449553126,2.8,0.0
3581.0,Abbott TP 3,TX,ERCO,44.0,1.1382137581845253,2.8,0.0
3581.0,Abbott TP 3,TX,ERCO,45.0,0.8978573710768106,2.8,0.0
3581.0,Abbott TP 3,TX,ERCO,46.0,0.8645658022645571,2.8,0.0
3581.0,Abbott TP 3,TX,ERCO,47.0,0.8775576339961682,2.8,0.0
3581.0,Abbott TP 3,TX,ERCO,48.0,0.8592878706235902,2.8,0.0
3581.0,Abbott TP 3,TX,ERCO,49.0,0.705760224932885,2.8,0.0
3581.0,Abbott TP 3,TX,ERCO,50.0,0.7079333378945447,2.8,0.0
3581.0,Abbott TP 3,TX,ERCO,51.0,0.6877066710975578,2.8,0.0
3581.0,Abbott TP 3,TX,ERCO,52.0,0.6668615029191753,2.8,0.0
3582.0,Dunlap TP 1,TX,ERCO,1.0,0.8824717635007152,3.6,0.0
3582.0,Dunlap TP 1,TX,ERCO,2.0,0.9719290642964828,3.6,0.0
3582.0,Dunlap TP 1,TX,ERCO,3.0,0.6245927123197651,3.6,0.0
3582.0,Dunlap TP 1,TX,ERCO,4.0,0.5824681271847717,3.6,0.0
3582.0,Dunlap TP 1,TX,ERCO,5.0,1.0065210629782149,3.6,0.0
3582.0,Dunlap TP 1,TX,ERCO,6.0,1.4568006035283194,3.6,0.0
3582.0,Dunlap TP 1,TX,ERCO,7.0,1.3427715877437325,3.6,0.0
3582.0,Dunlap TP 1,TX,ERCO,8.0,1.2266111884865367,3.6,0.0
3582.0,Dunlap TP 1,TX,ERCO,9.0,0.953462158690454,3.6,0.0
3582.0,Dunlap TP 1,TX,ERCO,10.0,0.464624408628017,3.6,0.0
3582.0,Dunlap TP 1,TX,ERCO,11.0,0.4875627985497784,3.6,0.0
3582.0,Dunlap TP 1,TX,ERCO,12.0,0.44803067974844496,3.6,0.0
3582.0,Dunlap TP 1,TX,ERCO,13.0,0.4319250017182721,3.6,0.0
3582.0,Dunlap TP 1,TX,ERCO,14.0,0.6086975838007018,3.6,0.0
3582.0,Dunlap TP 1,TX,ERCO,15.0,0.8293695624328772,3.6,0.0
3582.0,Dunlap TP 1,TX,ERCO,16.0,0.7504586720266422,3.6,0.0
3582.0,Dunlap TP 1,TX,ERCO,17.0,1.3406799237385831,3.6,0.0
3582.0,Dunlap TP 1,TX,ERCO,18.0,0.6622957652903424,3.6,0.0
3582.0,Dunlap TP 1,TX,ERCO,19.0,1.842656057451148,3.6,0.0
3582.0,Dunlap TP 1,TX,ERCO,20.0,1.1284545675195772,3.6,0.0
3582.0,Dunlap TP 1,TX,ERCO,21.0,0.8548529751791624,3.6,0.0
3582.0,Dunlap TP 1,TX,ERCO,22.0,0.5982544065821893,3.6,0.0
3582.0,Dunlap TP 1,TX,ERCO,23.0,0.6516328589443344,3.6,0.0
3582.0,Dunlap TP 1,TX,ERCO,24.0,0.5996408755179247,3.6,0.0
3582.0,Dunlap TP 1,TX,ERCO,25.0,0.7571023110379083,3.6,0.0
3582.0,Dunlap TP 1,TX,ERCO,26.0,0.5253666134801966,3.6,0.0
3582.0,Dunlap TP 1,TX,ERCO,27.0,1.134571432422318,3.6,0.0
3582.0,Dunlap TP 1,TX,ERCO,28.0,1.0396106390191209,3.6,0.0
3582.0,Dunlap TP 1,TX,ERCO,29.0,0.9725010054697554,3.6,0.0
3582.0,Dunlap TP 1,TX,ERCO,30.0,0.8794894080943187,3.6,0.0
3582.0,Dunlap TP 1,TX,ERCO,31.0,0.6771947413376262,3.6,0.0
3582.0,Dunlap TP 1,TX,ERCO,32.0,0.497278360930416,3.6,0.0
3582.0,Dunlap TP 1,TX,ERCO,33.0,0.4371357956991194,3.6,0.0
3582.0,Dunlap TP 1,TX,ERCO,34.0,0.4049433022765582,3.6,0.0
3582.0,Dunlap TP 1,TX,ERCO,35.0,0.4008672501377843,3.6,0.0
3582.0,Dunlap TP 1,TX,ERCO,36.0,0.4788870768013542,3.6,0.0
3582.0,Dunlap TP 1,TX,ERCO,37.0,0.4768428497828807,3.6,0.0
3582.0,Dunlap TP 1,TX,ERCO,38.0,0.5008356195260175,3.6,0.0
3582.0,Dunlap TP 1,TX,ERCO,39.0,0.5006204377345993,3.6,0.0
3582.0,Dunlap TP 1,TX,ERCO,40.0,0.4428983184661868,3.6,0.0
3582.0,Dunlap TP 1,TX,ERCO,41.0,0.3998580708745126,3.6,0.0
3582.0,Dunlap TP 1,TX,ERCO,42.0,0.4106789722770445,3.6,0.0
3582.0,Dunlap TP 1,TX,ERCO,43.0,0.4127400963537172,3.6,0.0
3582.0,Dunlap TP 1,TX,ERCO,44.0,0.5498257588264364,3.6,0.0
3582.0,Dunlap TP 1,TX,ERCO,45.0,0.4337184013936528,3.6,0.0
3582.0,Dunlap TP 1,TX,ERCO,46.0,0.4176365976793053,3.6,0.0
3582.0,Dunlap TP 1,TX,ERCO,47.0,0.4239124235190507,3.6,0.0
3582.0,Dunlap TP 1,TX,ERCO,48.0,0.4150870434319088,3.6,0.0
3582.0,Dunlap TP 1,TX,ERCO,49.0,0.3409239965334793,3.6,0.0
3582.0,Dunlap TP 1,TX,ERCO,50.0,0.3419737388250319,3.6,0.0
3582.0,Dunlap TP 1,TX,ERCO,51.0,0.3322030605728881,3.6,0.0
3582.0,Dunlap TP 1,TX,ERCO,52.0,0.32213360951468706,3.6,0.0
3583.0,H 4,TX,ERCO,1.0,1.4828014128880127,2.4,0.0
3583.0,H 4,TX,ERCO,2.0,1.6331149044913107,2.4,0.0
3583.0,H 4,TX,ERCO,3.0,1.0494918870076149,2.4,0.0
3583.0,H 4,TX,ERCO,4.0,0.9787107051738704,2.4,0.0
3583.0,H 4,TX,ERCO,5.0,1.6912390874930905,2.4,0.0
3583.0,H 4,TX,ERCO,6.0,2.4,2.4,0.0
3583.0,H 4,TX,ERCO,7.0,2.2562345801830483,2.4,0.0
3583.0,H 4,TX,ERCO,8.0,2.0610523823735627,2.4,0.0
3583.0,H 4,TX,ERCO,9.0,1.6020849469364802,2.4,0.0
3583.0,H 4,TX,ERCO,10.0,0.7806995429396199,2.4,0.0
3583.0,H 4,TX,ERCO,11.0,0.8192424825595381,2.4,0.0
3583.0,H 4,TX,ERCO,12.0,0.7528174164060621,2.4,0.0
3583.0,H 4,TX,ERCO,13.0,0.7257553524176088,2.4,0.0
3583.0,H 4,TX,ERCO,14.0,1.0227833561193114,2.4,0.0
3583.0,H 4,TX,ERCO,15.0,1.3935744829692691,2.4,0.0
3583.0,H 4,TX,ERCO,16.0,1.26098195934695,2.4,0.0
3583.0,H 4,TX,ERCO,17.0,2.252719916644498,2.4,0.0
3583.0,H 4,TX,ERCO,18.0,1.1128429792313257,2.4,0.0
3583.0,H 4,TX,ERCO,19.0,2.4,2.4,0.0
3583.0,H 4,TX,ERCO,20.0,1.8961193648522634,2.4,0.0
3583.0,H 4,TX,ERCO,21.0,1.4363921481585569,2.4,0.0
3583.0,H 4,TX,ERCO,22.0,1.0052350124106149,2.4,0.0
3583.0,H 4,TX,ERCO,23.0,1.0949267099021198,2.4,0.0
3583.0,H 4,TX,ERCO,24.0,1.007565536239717,2.4,0.0
3583.0,H 4,TX,ERCO,25.0,1.2721450907601377,2.4,0.0
3583.0,H 4,TX,ERCO,26.0,0.8827638595791407,2.4,0.0
3583.0,H 4,TX,ERCO,27.0,1.9063998202741983,2.4,0.0
3583.0,H 4,TX,ERCO,28.0,1.7468389419393884,2.4,0.0
3583.0,H 4,TX,ERCO,29.0,1.6340758392320889,2.4,0.0
3583.0,H 4,TX,ERCO,30.0,1.4777901354798677,2.4,0.0
3583.0,H 4,TX,ERCO,31.0,1.137878160907992,2.4,0.0
3583.0,H 4,TX,ERCO,32.0,0.835568031736645,2.4,0.0
3583.0,H 4,TX,ERCO,33.0,0.734511543455348,2.4,0.0
3583.0,H 4,TX,ERCO,34.0,0.6804190663255251,2.4,0.0
3583.0,H 4,TX,ERCO,35.0,0.6735701480326016,2.4,0.0
3583.0,H 4,TX,ERCO,36.0,0.8046642197811634,2.4,0.0
3583.0,H 4,TX,ERCO,37.0,0.8012293466794238,2.4,0.0
3583.0,H 4,TX,ERCO,38.0,0.8415439099261549,2.4,0.0
3583.0,H 4,TX,ERCO,39.0,0.8411823443364981,2.4,0.0
3583.0,H 4,TX,ERCO,40.0,0.7441926072053298,2.4,0.0
3583.0,H 4,TX,ERCO,41.0,0.671872831603619,2.4,0.0
3583.0,H 4,TX,ERCO,42.0,0.6900549572011396,2.4,0.0
3583.0,H 4,TX,ERCO,43.0,0.693518219219715,2.4,0.0
3583.0,H 4,TX,ERCO,44.0,0.923860839563782,2.4,0.0
3583.0,H 4,TX,ERCO,45.0,0.7287695818268903,2.4,0.0
3583.0,H 4,TX,ERCO,46.0,0.7017476032106548,2.4,0.0
3583.0,H 4,TX,ERCO,47.0,0.7122927655974784,2.4,0.0
3583.0,H 4,TX,ERCO,48.0,0.6974636309910077,2.4,0.0
3583.0,H 4,TX,ERCO,49.0,0.5728481611801809,2.4,0.0
3583.0,H 4,TX,ERCO,50.0,0.5746120233534027,2.4,0.0
3583.0,H 4,TX,ERCO,51.0,0.5581945369718768,2.4,0.0
3583.0,H 4,TX,ERCO,52.0,0.5412750282795109,2.4,0.0
3584.0,H 5,TX,ERCO,1.0,0.0,2.4,0.0
3584.0,H 5,TX,ERCO,2.0,0.0,2.4,0.0
3584.0,H 5,TX,ERCO,3.0,0.0,2.4,0.0
3584.0,H 5,TX,ERCO,4.0,0.0,2.4,0.0
3584.0,H 5,TX,ERCO,5.0,0.0,2.4,0.0
3584.0,H 5,TX,ERCO,6.0,0.0,2.4,0.0
3584.0,H 5,TX,ERCO,7.0,0.0,2.4,0.0
3584.0,H 5,TX,ERCO,8.0,0.0,2.4,0.0
3584.0,H 5,TX,ERCO,9.0,0.0,2.4,0.0
3584.0,H 5,TX,ERCO,10.0,0.0,2.4,0.0
3584.0,H 5,TX,ERCO,11.0,0.0,2.4,0.0
3584.0,H 5,TX,ERCO,12.0,0.0,2.4,0.0
3584.0,H 5,TX,ERCO,13.0,0.0,2.4,0.0
3584.0,H 5,TX,ERCO,14.0,0.0,2.4,0.0
3584.0,H 5,TX,ERCO,15.0,0.0,2.4,0.0
3584.0,H 5,TX,ERCO,16.0,0.0,2.4,0.0
3584.0,H 5,TX,ERCO,17.0,0.0,2.4,0.0
3584.0,H 5,TX,ERCO,18.0,0.0,2.4,0.0
3584.0,H 5,TX,ERCO,19.0,0.0,2.4,0.0
3584.0,H 5,TX,ERCO,20.0,0.0,2.4,0.0
3584.0,H 5,TX,ERCO,21.0,0.0,2.4,0.0
3584.0,H 5,TX,ERCO,22.0,0.0,2.4,0.0
3584.0,H 5,TX,ERCO,23.0,0.0,2.4,0.0
3584.0,H 5,TX,ERCO,24.0,0.0,2.4,0.0
3584.0,H 5,TX,ERCO,25.0,0.0,2.4,0.0
3584.0,H 5,TX,ERCO,26.0,0.0,2.4,0.0
3584.0,H 5,TX,ERCO,27.0,0.0,2.4,0.0
3584.0,H 5,TX,ERCO,28.0,0.0,2.4,0.0
3584.0,H 5,TX,ERCO,29.0,0.0,2.4,0.0
3584.0,H 5,TX,ERCO,30.0,0.0,2.4,0.0
3584.0,H 5,TX,ERCO,31.0,0.0,2.4,0.0
3584.0,H 5,TX,ERCO,32.0,0.0,2.4,0.0
3584.0,H 5,TX,ERCO,33.0,0.0,2.4,0.0
3584.0,H 5,TX,ERCO,34.0,0.0,2.4,0.0
3584.0,H 5,TX,ERCO,35.0,0.0,2.4,0.0
3584.0,H 5,TX,ERCO,36.0,0.0,2.4,0.0
3584.0,H 5,TX,ERCO,37.0,0.0,2.4,0.0
3584.0,H 5,TX,ERCO,38.0,0.0,2.4,0.0
3584.0,H 5,TX,ERCO,39.0,0.0,2.4,0.0
3584.0,H 5,TX,ERCO,40.0,0.0,2.4,0.0
3584.0,H 5,TX,ERCO,41.0,0.0,2.4,0.0
3584.0,H 5,TX,ERCO,42.0,0.0,2.4,0.0
3584.0,H 5,TX,ERCO,43.0,0.0,2.4,0.0
3584.0,H 5,TX,ERCO,44.0,0.0,2.4,0.0
3584.0,H 5,TX,ERCO,45.0,0.0,2.4,0.0
3584.0,H 5,TX,ERCO,46.0,0.0,2.4,0.0
3584.0,H 5,TX,ERCO,47.0,0.0,2.4,0.0
3584.0,H 5,TX,ERCO,48.0,0.0,2.4,0.0
3584.0,H 5,TX,ERCO,49.0,0.0,2.4,0.0
3584.0,H 5,TX,ERCO,50.0,0.0,2.4,0.0
3584.0,H 5,TX,ERCO,51.0,0.0,2.4,0.0
3584.0,H 5,TX,ERCO,52.0,0.0,2.4,0.0
3585.0,Nolte,TX,ERCO,1.0,1.380281935907843,2.4,0.0
3585.0,Nolte,TX,ERCO,2.0,1.5202028959096106,2.4,0.0
3585.0,Nolte,TX,ERCO,3.0,0.9769310178205574,2.4,0.0
3585.0,Nolte,TX,ERCO,4.0,0.9110435794635608,2.4,0.0
3585.0,Nolte,TX,ERCO,5.0,1.5743099800587648,2.4,0.0
3585.0,Nolte,TX,ERCO,6.0,2.2785988431584334,2.4,0.0
3585.0,Nolte,TX,ERCO,7.0,2.1002447274174294,2.4,0.0
3585.0,Nolte,TX,ERCO,8.0,1.918556889886874,2.4,0.0
3585.0,Nolte,TX,ERCO,9.0,1.49132149514792,2.4,0.0
3585.0,Nolte,TX,ERCO,10.0,0.7267251222836981,2.4,0.0
3585.0,Nolte,TX,ERCO,11.0,0.7626033583628303,2.4,0.0
3585.0,Nolte,TX,ERCO,12.0,0.700770653630709,2.4,0.0
3585.0,Nolte,TX,ERCO,13.0,0.6755795517028076,2.4,0.0
3585.0,Nolte,TX,ERCO,14.0,0.9520707092270448,2.4,0.0
3585.0,Nolte,TX,ERCO,15.0,1.2972260525356432,2.4,0.0
3585.0,Nolte,TX,ERCO,16.0,1.173800661129339,2.4,0.0
3585.0,Nolte,TX,ERCO,17.0,2.096972211137714,2.4,0.0
3585.0,Nolte,TX,ERCO,18.0,1.0359037944182792,2.4,0.0
3585.0,Nolte,TX,ERCO,19.0,2.4,2.4,0.0
3585.0,Nolte,TX,ERCO,20.0,1.7650268136584868,2.4,0.0
3585.0,Nolte,TX,ERCO,21.0,1.3370838900882718,2.4,0.0
3585.0,Nolte,TX,ERCO,22.0,0.935735819763604,2.4,0.0
3585.0,Nolte,TX,ERCO,23.0,1.0192265958085631,2.4,0.0
3585.0,Nolte,TX,ERCO,24.0,0.9379053248663906,2.4,0.0
3585.0,Nolte,TX,ERCO,25.0,1.1841926025769705,2.4,0.0
3585.0,Nolte,TX,ERCO,26.0,0.8217320806632868,2.4,0.0
3585.0,Nolte,TX,ERCO,27.0,1.7745966060034413,2.4,0.0
3585.0,Nolte,TX,ERCO,28.0,1.62606731412535,2.4,0.0
3585.0,Nolte,TX,ERCO,29.0,1.5211003414128412,2.4,0.0
3585.0,Nolte,TX,ERCO,30.0,1.3756198002849789,2.4,0.0
3585.0,Nolte,TX,ERCO,31.0,1.059208604559208,2.4,0.0
3585.0,Nolte,TX,ERCO,32.0,0.7777996008279127,2.4,0.0
3585.0,Nolte,TX,ERCO,33.0,0.6837298264219941,2.4,0.0
3585.0,Nolte,TX,ERCO,34.0,0.6333771255989089,2.4,0.0
3585.0,Nolte,TX,ERCO,35.0,0.6270017190347458,2.4,0.0
3585.0,Nolte,TX,ERCO,36.0,0.7490321796570252,2.4,0.0
3585.0,Nolte,TX,ERCO,37.0,0.7458347832486936,2.4,0.0
3585.0,Nolte,TX,ERCO,38.0,0.783362120041216,2.4,0.0
3585.0,Nolte,TX,ERCO,39.0,0.7830255519982336,2.4,0.0
3585.0,Nolte,TX,ERCO,40.0,0.692741342187083,2.4,0.0
3585.0,Nolte,TX,ERCO,41.0,0.6254215224987931,2.4,0.0
3585.0,Nolte,TX,ERCO,42.0,0.6423465894736315,2.4,0.0
3585.0,Nolte,TX,ERCO,43.0,0.6455704117545531,2.4,0.0
3585.0,Nolte,TX,ERCO,44.0,0.8599877156977376,2.4,0.0
3585.0,Nolte,TX,ERCO,45.0,0.6783842253535634,2.4,0.0
3585.0,Nolte,TX,ERCO,46.0,0.6532304806196759,2.4,0.0
3585.0,Nolte,TX,ERCO,47.0,0.6630465761255833,2.4,0.0
3585.0,Nolte,TX,ERCO,48.0,0.6492426918204012,2.4,0.0
3585.0,Nolte,TX,ERCO,49.0,0.5332438710350039,2.4,0.0
3585.0,Nolte,TX,ERCO,50.0,0.5348857872650976,2.4,0.0
3585.0,Nolte,TX,ERCO,51.0,0.5196033362003805,2.4,0.0
3585.0,Nolte,TX,ERCO,52.0,0.5038535705163291,2.4,0.0
3586.0,TP 4,TX,ERCO,1.0,1.5999378967103484,2.4,0.0
3586.0,TP 4,TX,ERCO,2.0,1.7621256647504184,2.4,0.0
3586.0,TP 4,TX,ERCO,3.0,1.1323983290811397,2.4,0.0
3586.0,TP 4,TX,ERCO,4.0,1.0560256643362436,2.4,0.0
3586.0,TP 4,TX,ERCO,5.0,1.8248441295362028,2.4,0.0
3586.0,TP 4,TX,ERCO,6.0,2.4,2.4,0.0
3586.0,TP 4,TX,ERCO,7.0,2.4,2.4,0.0
3586.0,TP 4,TX,ERCO,8.0,2.223875163435848,2.4,0.0
3586.0,TP 4,TX,ERCO,9.0,1.7286497226376292,2.4,0.0
3586.0,TP 4,TX,ERCO,10.0,0.8423758319300777,2.4,0.0
3586.0,TP 4,TX,ERCO,11.0,0.8839637143888106,2.4,0.0
3586.0,TP 4,TX,ERCO,12.0,0.8122909807897178,2.4,0.0
3586.0,TP 4,TX,ERCO,13.0,0.7830909782123096,2.4,0.0
3586.0,TP 4,TX,ERCO,14.0,1.1035831273522203,2.4,0.0
3586.0,TP 4,TX,ERCO,15.0,1.5036664967042064,2.4,0.0
3586.0,TP 4,TX,ERCO,16.0,1.3605991989595343,2.4,0.0
3586.0,TP 4,TX,ERCO,17.0,2.4,2.4,0.0
3586.0,TP 4,TX,ERCO,18.0,1.2007573766750144,2.4,0.0
3586.0,TP 4,TX,ERCO,19.0,2.4,2.4,0.0
3586.0,TP 4,TX,ERCO,20.0,2.04591275022036,2.4,0.0
3586.0,TP 4,TX,ERCO,21.0,1.5498670941863286,2.4,0.0
3586.0,TP 4,TX,ERCO,22.0,1.0846486589879136,2.4,0.0
3586.0,TP 4,TX,ERCO,23.0,1.1814264096559175,2.4,0.0
3586.0,TP 4,TX,ERCO,24.0,1.0871636642046478,2.4,0.0
3586.0,TP 4,TX,ERCO,25.0,1.3726451218570657,2.4,0.0
3586.0,TP 4,TX,ERCO,26.0,0.9525025992742621,2.4,0.0
3586.0,TP 4,TX,ERCO,27.0,2.057004939832918,2.4,0.0
3586.0,TP 4,TX,ERCO,28.0,1.8848386955194996,2.4,0.0
3586.0,TP 4,TX,ERCO,29.0,1.763167341448591,2.4,0.0
3586.0,TP 4,TX,ERCO,30.0,1.5945351138766315,2.4,0.0
3586.0,TP 4,TX,ERCO,31.0,1.227770222322615,2.4,0.0
3586.0,TP 4,TX,ERCO,32.0,0.9015777153558052,2.4,0.0
3586.0,TP 4,TX,ERCO,33.0,0.7925377875869449,2.4,0.0
3586.0,TP 4,TX,ERCO,34.0,0.7341720171214553,2.4,0.0
3586.0,TP 4,TX,ERCO,35.0,0.7267820358480471,2.4,0.0
3586.0,TP 4,TX,ERCO,36.0,0.8682335544392924,2.4,0.0
3586.0,TP 4,TX,ERCO,37.0,0.8645273226859008,2.4,0.0
3586.0,TP 4,TX,ERCO,38.0,0.908026779580972,2.4,0.0
3586.0,TP 4,TX,ERCO,39.0,0.9076366499227204,2.4,0.0
3586.0,TP 4,TX,ERCO,40.0,0.8029847901925926,2.4,0.0
3586.0,TP 4,TX,ERCO,41.0,0.7249517230856203,2.4,0.0
3586.0,TP 4,TX,ERCO,42.0,0.7445702619835559,2.4,0.0
3586.0,TP 4,TX,ERCO,43.0,0.7483071265355437,2.4,0.0
3586.0,TP 4,TX,ERCO,44.0,0.996846700878212,2.4,0.0
3586.0,TP 4,TX,ERCO,45.0,0.7863418634055396,2.4,0.0
3586.0,TP 4,TX,ERCO,46.0,0.7571851675885582,2.4,0.0
3586.0,TP 4,TX,ERCO,47.0,0.7685633903464046,2.4,0.0
3586.0,TP 4,TX,ERCO,48.0,0.7525627645931833,2.4,0.0
3586.0,TP 4,TX,ERCO,49.0,0.6181031329006699,2.4,0.0
3586.0,TP 4,TX,ERCO,50.0,0.6200063400839263,2.4,0.0
3586.0,TP 4,TX,ERCO,51.0,0.6022918732243855,2.4,0.0
3586.0,TP 4,TX,ERCO,52.0,0.5840357243203795,2.4,0.0
3594.0,Austin,TX,ERCO,1.0,10.435309612976203,18.0,0.0
3594.0,Austin,TX,ERCO,2.0,5.803562266622804,18.0,0.0
3594.0,Austin,TX,ERCO,3.0,3.4922305117417225,18.0,0.0
3594.0,Austin,TX,ERCO,4.0,1.5896714034662467,18.0,0.0
3594.0,Austin,TX,ERCO,5.0,5.718247336283834,18.0,0.0
3594.0,Austin,TX,ERCO,6.0,11.13191840609223,18.0,0.0
3594.0,Austin,TX,ERCO,7.0,9.978611544199794,18.0,0.0
3594.0,Austin,TX,ERCO,8.0,5.938455829247402,18.0,0.0
3594.0,Austin,TX,ERCO,9.0,4.0805046295254925,18.0,0.0
3594.0,Austin,TX,ERCO,10.0,2.724728728486552,18.0,0.0
3594.0,Austin,TX,ERCO,11.0,3.344135017429082,18.0,0.0
3594.0,Austin,TX,ERCO,12.0,3.2749460170684794,18.0,0.0
3594.0,Austin,TX,ERCO,13.0,2.5204564417076334,18.0,0.0
3594.0,Austin,TX,ERCO,14.0,2.30978140979515,18.0,0.0
3594.0,Austin,TX,ERCO,15.0,7.113591054451341,18.0,0.0
3594.0,Austin,TX,ERCO,16.0,4.029356032508881,18.0,0.0
3594.0,Austin,TX,ERCO,17.0,7.777249695099861,18.0,0.0
3594.0,Austin,TX,ERCO,18.0,7.699064085025518,18.0,0.0
3594.0,Austin,TX,ERCO,19.0,9.886367724211556,18.0,0.0
3594.0,Austin,TX,ERCO,20.0,10.073869378709043,18.0,0.0
3594.0,Austin,TX,ERCO,21.0,2.563742134421777,18.0,0.0
3594.0,Austin,TX,ERCO,22.0,2.395101639123091,18.0,0.0
3594.0,Austin,TX,ERCO,23.0,5.53986039578112,18.0,0.0
3594.0,Austin,TX,ERCO,24.0,5.01649451754386,18.0,0.0
3594.0,Austin,TX,ERCO,25.0,2.9186877192982457,18.0,0.0
3594.0,Austin,TX,ERCO,26.0,3.1011057017543857,18.0,0.0
3594.0,Austin,TX,ERCO,27.0,8.208044379875767,18.0,0.0
3594.0,Austin,TX,ERCO,28.0,7.3687643519860835,18.0,0.0
3594.0,Austin,TX,ERCO,29.0,5.879760226394124,18.0,0.0
3594.0,Austin,TX,ERCO,30.0,4.64842204382913,18.0,0.0
3594.0,Austin,TX,ERCO,31.0,2.8649310957053684,18.0,0.0
3594.0,Austin,TX,ERCO,32.0,1.9678387317048032,18.0,0.0
3594.0,Austin,TX,ERCO,33.0,2.4880170428777566,18.0,0.0
3594.0,Austin,TX,ERCO,34.0,3.838330661203876,18.0,0.0
3594.0,Austin,TX,ERCO,35.0,3.1867640280354563,18.0,0.0
3594.0,Austin,TX,ERCO,36.0,3.290318184993544,18.0,0.0
3594.0,Austin,TX,ERCO,37.0,4.142204209003007,18.0,0.0
3594.0,Austin,TX,ERCO,38.0,3.1650995981962184,18.0,0.0
3594.0,Austin,TX,ERCO,39.0,1.9995010508806923,18.0,0.0
3594.0,Austin,TX,ERCO,40.0,2.3733490524335425,18.0,0.0
3594.0,Austin,TX,ERCO,41.0,2.5873485675751344,18.0,0.0
3594.0,Austin,TX,ERCO,42.0,1.9421316690092232,18.0,0.0
3594.0,Austin,TX,ERCO,43.0,4.212632652467169,18.0,0.0
3594.0,Austin,TX,ERCO,44.0,2.401838284167857,18.0,0.0
3594.0,Austin,TX,ERCO,45.0,2.0648619071681225,18.0,0.0
3594.0,Austin,TX,ERCO,46.0,2.999084001058736,18.0,0.0
3594.0,Austin,TX,ERCO,47.0,2.9652473351139346,18.0,0.0
3594.0,Austin,TX,ERCO,48.0,2.824948964123295,18.0,0.0
3594.0,Austin,TX,ERCO,49.0,2.1779714861497066,18.0,0.0
3594.0,Austin,TX,ERCO,50.0,2.2752078508888007,18.0,0.0
3594.0,Austin,TX,ERCO,51.0,2.003192197631335,18.0,0.0
3594.0,Austin,TX,ERCO,52.0,1.9915607590644435,18.0,0.0
3595.0,Buchanan,TX,ERCO,1.0,13.903774376843215,54.9,0.0
3595.0,Buchanan,TX,ERCO,2.0,7.732537253781648,54.9,0.0
3595.0,Buchanan,TX,ERCO,3.0,4.6529702431451305,54.9,0.0
3595.0,Buchanan,TX,ERCO,4.0,2.118042812992365,54.9,0.0
3595.0,Buchanan,TX,ERCO,5.0,7.618864377573012,54.9,0.0
3595.0,Buchanan,TX,ERCO,6.0,14.831916443935347,54.9,0.0
3595.0,Buchanan,TX,ERCO,7.0,13.295276451996095,54.9,0.0
3595.0,Buchanan,TX,ERCO,8.0,7.912264306320722,54.9,0.0
3595.0,Buchanan,TX,ERCO,9.0,5.436772387606936,54.9,0.0
3595.0,Buchanan,TX,ERCO,10.0,3.6303681510209684,54.9,0.0
3595.0,Buchanan,TX,ERCO,11.0,4.455651358266363,54.9,0.0
3595.0,Buchanan,TX,ERCO,12.0,4.363465468095336,54.9,0.0
3595.0,Buchanan,TX,ERCO,13.0,3.3582002848017423,54.9,0.0
3595.0,Buchanan,TX,ERCO,14.0,3.0775010306299437,54.9,0.0
3595.0,Buchanan,TX,ERCO,15.0,9.477989173529432,54.9,0.0
3595.0,Buchanan,TX,ERCO,16.0,5.368623605164529,54.9,0.0
3595.0,Buchanan,TX,ERCO,17.0,10.362233061438888,54.9,0.0
3595.0,Buchanan,TX,ERCO,18.0,10.258060188279268,54.9,0.0
3595.0,Buchanan,TX,ERCO,19.0,13.172374327342473,54.9,0.0
3595.0,Buchanan,TX,ERCO,20.0,13.42219732087612,54.9,0.0
3595.0,Buchanan,TX,ERCO,21.0,3.4158724432917893,54.9,0.0
3595.0,Buchanan,TX,ERCO,22.0,3.1911794981316515,54.9,0.0
3595.0,Buchanan,TX,ERCO,23.0,7.381183704051796,54.9,0.0
3595.0,Buchanan,TX,ERCO,24.0,6.683862938596491,54.9,0.0
3595.0,Buchanan,TX,ERCO,25.0,3.888792982456141,54.9,0.0
3595.0,Buchanan,TX,ERCO,26.0,4.1318425438596496,54.9,0.0
3595.0,Buchanan,TX,ERCO,27.0,10.936214105890572,54.9,0.0
3595.0,Buchanan,TX,ERCO,28.0,9.817976349252369,54.9,0.0
3595.0,Buchanan,TX,ERCO,29.0,7.834060649049412,54.9,0.0
3595.0,Buchanan,TX,ERCO,30.0,6.193453272169987,54.9,0.0
3595.0,Buchanan,TX,ERCO,31.0,3.8171697752640164,54.9,0.0
3595.0,Buchanan,TX,ERCO,32.0,2.6219038543026643,54.9,0.0
3595.0,Buchanan,TX,ERCO,33.0,3.3149776804324422,54.9,0.0
3595.0,Buchanan,TX,ERCO,34.0,5.114105029318124,54.9,0.0
3595.0,Buchanan,TX,ERCO,35.0,4.245972372248564,54.9,0.0
3595.0,Buchanan,TX,ERCO,36.0,4.3839468489237055,54.9,0.0
3595.0,Buchanan,TX,ERCO,37.0,5.518980861023588,54.9,0.0
3595.0,Buchanan,TX,ERCO,38.0,4.217108385847256,54.9,0.0
3595.0,Buchanan,TX,ERCO,39.0,2.6640907774228677,54.9,0.0
3595.0,Buchanan,TX,ERCO,40.0,3.1621966868726257,54.9,0.0
3595.0,Buchanan,TX,ERCO,41.0,3.4473245120135725,54.9,0.0
3595.0,Buchanan,TX,ERCO,42.0,2.5876521594490973,54.9,0.0
3595.0,Buchanan,TX,ERCO,43.0,5.612816141185472,54.9,0.0
3595.0,Buchanan,TX,ERCO,44.0,3.200155091153081,54.9,0.0
3595.0,Buchanan,TX,ERCO,45.0,2.7511761093522797,54.9,0.0
3595.0,Buchanan,TX,ERCO,46.0,3.995912862264663,54.9,0.0
3595.0,Buchanan,TX,ERCO,47.0,3.9508296406485774,54.9,0.0
3595.0,Buchanan,TX,ERCO,48.0,3.763899209557496,54.9,0.0
3595.0,Buchanan,TX,ERCO,49.0,2.901880150144615,54.9,0.0
3595.0,Buchanan,TX,ERCO,50.0,3.031435692309873,54.9,0.0
3595.0,Buchanan,TX,ERCO,51.0,2.669008162961493,54.9,0.0
3595.0,Buchanan,TX,ERCO,52.0,2.653510696208813,54.9,0.0
3597.0,Granite Shoals,TX,ERCO,1.0,12.425956904213633,54.0,0.0
3597.0,Granite Shoals,TX,ERCO,2.0,6.910654047705617,54.0,0.0
3597.0,Granite Shoals,TX,ERCO,3.0,4.158410957401989,54.0,0.0
3597.0,Granite Shoals,TX,ERCO,4.0,1.8929182826324085,54.0,0.0
3597.0,Granite Shoals,TX,ERCO,5.0,6.809063699047034,54.0,0.0
3597.0,Granite Shoals,TX,ERCO,6.0,13.255448962708412,54.0,0.0
3597.0,Granite Shoals,TX,ERCO,7.0,11.882136682788172,54.0,0.0
3597.0,Granite Shoals,TX,ERCO,8.0,7.071278758098633,54.0,0.0
3597.0,Granite Shoals,TX,ERCO,9.0,4.858903881604809,54.0,0.0
3597.0,Granite Shoals,TX,ERCO,10.0,3.2444996850867898,54.0,0.0
3597.0,Granite Shoals,TX,ERCO,11.0,3.982064305154888,54.0,0.0
3597.0,Granite Shoals,TX,ERCO,12.0,3.899676767806855,54.0,0.0
3597.0,Granite Shoals,TX,ERCO,13.0,3.0012602891068854,54.0,0.0
3597.0,Granite Shoals,TX,ERCO,14.0,2.750396976698208,54.0,0.0
3597.0,Granite Shoals,TX,ERCO,15.0,8.470584925254183,54.0,0.0
3597.0,Granite Shoals,TX,ERCO,16.0,4.797998958078171,54.0,0.0
3597.0,Granite Shoals,TX,ERCO,17.0,9.260843577172944,54.0,0.0
3597.0,Granite Shoals,TX,ERCO,18.0,9.167742949246966,54.0,0.0
3597.0,Granite Shoals,TX,ERCO,19.0,11.77229785069632,54.0,0.0
3597.0,Granite Shoals,TX,ERCO,20.0,11.99556744634742,54.0,0.0
3597.0,Granite Shoals,TX,ERCO,21.0,3.0528033005367545,54.0,0.0
3597.0,Granite Shoals,TX,ERCO,22.0,2.851992707064213,54.0,0.0
3597.0,Granite Shoals,TX,ERCO,23.0,6.596646168248001,54.0,0.0
3597.0,Granite Shoals,TX,ERCO,24.0,5.973442825814535,54.0,0.0
3597.0,Granite Shoals,TX,ERCO,25.0,3.4754576441102762,54.0,0.0
3597.0,Granite Shoals,TX,ERCO,26.0,3.692673746867168,54.0,0.0
3597.0,Granite Shoals,TX,ERCO,27.0,9.773817208865829,54.0,0.0
3597.0,Granite Shoals,TX,ERCO,28.0,8.774435612807025,54.0,0.0
3597.0,Granite Shoals,TX,ERCO,29.0,7.00138789366138,54.0,0.0
3597.0,Granite Shoals,TX,ERCO,30.0,5.535158674702123,54.0,0.0
3597.0,Granite Shoals,TX,ERCO,31.0,3.4114476300436087,54.0,0.0
3597.0,Granite Shoals,TX,ERCO,32.0,2.343225261400857,54.0,0.0
3597.0,Granite Shoals,TX,ERCO,33.0,2.9626332136558324,54.0,0.0
3597.0,Granite Shoals,TX,ERCO,34.0,4.570533764802217,54.0,0.0
3597.0,Granite Shoals,TX,ERCO,35.0,3.794673746535652,54.0,0.0
3597.0,Granite Shoals,TX,ERCO,36.0,3.917982224759592,54.0,0.0
3597.0,Granite Shoals,TX,ERCO,37.0,4.932374788619414,54.0,0.0
3597.0,Granite Shoals,TX,ERCO,38.0,3.7688768283517367,54.0,0.0
3597.0,Granite Shoals,TX,ERCO,39.0,2.380927659661598,54.0,0.0
3597.0,Granite Shoals,TX,ERCO,40.0,2.8260902416638487,54.0,0.0
3597.0,Granite Shoals,TX,ERCO,41.0,3.0809120619488404,54.0,0.0
3597.0,Granite Shoals,TX,ERCO,42.0,2.3126133679588152,54.0,0.0
3597.0,Granite Shoals,TX,ERCO,43.0,5.016235892680411,54.0,0.0
3597.0,Granite Shoals,TX,ERCO,44.0,2.8600140455539345,54.0,0.0
3597.0,Granite Shoals,TX,ERCO,45.0,2.4587566385826687,54.0,0.0
3597.0,Granite Shoals,TX,ERCO,46.0,3.571191696486578,54.0,0.0
3597.0,Granite Shoals,TX,ERCO,47.0,3.5309003207144407,54.0,0.0
3597.0,Granite Shoals,TX,ERCO,48.0,3.3638385187324036,54.0,0.0
3597.0,Granite Shoals,TX,ERCO,49.0,2.5934424973376937,54.0,0.0
3597.0,Granite Shoals,TX,ERCO,50.0,2.7092277232713915,54.0,0.0
3597.0,Granite Shoals,TX,ERCO,51.0,2.385322217811301,54.0,0.0
3597.0,Granite Shoals,TX,ERCO,52.0,2.3714719597723968,54.0,0.0
3598.0,Inks,TX,ERCO,1.0,6.052564365935441,15.0,0.0
3598.0,Inks,TX,ERCO,2.0,3.366113270541522,15.0,0.0
3598.0,Inks,TX,ERCO,3.0,2.025522072360637,15.0,0.0
3598.0,Inks,TX,ERCO,4.0,0.9220223306265908,15.0,0.0
3598.0,Inks,TX,ERCO,5.0,3.316629257108444,15.0,0.0
3598.0,Inks,TX,ERCO,6.0,6.456600854864028,15.0,0.0
3598.0,Inks,TX,ERCO,7.0,5.787673739270008,15.0,0.0
3598.0,Inks,TX,ERCO,8.0,3.4443514212884683,15.0,0.0
3598.0,Inks,TX,ERCO,9.0,2.3667250295958087,15.0,0.0
3598.0,Inks,TX,ERCO,10.0,1.5803643441587434,15.0,0.0
3598.0,Inks,TX,ERCO,11.0,1.9396249205817704,15.0,0.0
3598.0,Inks,TX,ERCO,12.0,1.8994947498111137,15.0,0.0
3598.0,Inks,TX,ERCO,13.0,1.4618847923596598,15.0,0.0
3598.0,Inks,TX,ERCO,14.0,1.3396917606064545,15.0,0.0
3598.0,Inks,TX,ERCO,15.0,4.1259400030993145,15.0,0.0
3598.0,Inks,TX,ERCO,16.0,2.337058893883827,15.0,0.0
3598.0,Inks,TX,ERCO,17.0,4.510867350327239,15.0,0.0
3598.0,Inks,TX,ERCO,18.0,4.465518508490591,15.0,0.0
3598.0,Inks,TX,ERCO,19.0,5.734171403082452,15.0,0.0
3598.0,Inks,TX,ERCO,20.0,5.842923844347315,15.0,0.0
3598.0,Inks,TX,ERCO,21.0,1.4869906969044415,15.0,0.0
3598.0,Inks,TX,ERCO,22.0,1.3891779066947207,15.0,0.0
3598.0,Inks,TX,ERCO,23.0,3.2131632130922543,15.0,0.0
3598.0,Inks,TX,ERCO,24.0,2.9096068295739355,15.0,0.0
3598.0,Inks,TX,ERCO,25.0,1.6928621553884713,15.0,0.0
3598.0,Inks,TX,ERCO,26.0,1.7986660401002506,15.0,0.0
3598.0,Inks,TX,ERCO,27.0,4.760731955907576,15.0,0.0
3598.0,Inks,TX,ERCO,28.0,4.2739427991550345,15.0,0.0
3598.0,Inks,TX,ERCO,29.0,3.4103083882146654,15.0,0.0
3598.0,Inks,TX,ERCO,30.0,2.6961223039114173,15.0,0.0
3598.0,Inks,TX,ERCO,31.0,1.6616831518793238,15.0,0.0
3598.0,Inks,TX,ERCO,32.0,1.141362332222451,15.0,0.0
3598.0,Inks,TX,ERCO,33.0,1.4430699472044712,15.0,0.0
3598.0,Inks,TX,ERCO,34.0,2.2262627342014247,15.0,0.0
3598.0,Inks,TX,ERCO,35.0,1.8483488330012139,15.0,0.0
3598.0,Inks,TX,ERCO,36.0,1.9084103999248423,15.0,0.0
3598.0,Inks,TX,ERCO,37.0,2.4025109872738053,15.0,0.0
3598.0,Inks,TX,ERCO,38.0,1.8357826357171765,15.0,0.0
3598.0,Inks,TX,ERCO,39.0,1.1597263199543273,15.0,0.0
3598.0,Inks,TX,ERCO,40.0,1.3765613694694394,15.0,0.0
3598.0,Inks,TX,ERCO,41.0,1.5006828874852032,15.0,0.0
3598.0,Inks,TX,ERCO,42.0,1.1264519197182277,15.0,0.0
3598.0,Inks,TX,ERCO,43.0,2.443360671246434,15.0,0.0
3598.0,Inks,TX,ERCO,44.0,1.393085311126925,15.0,0.0
3598.0,Inks,TX,ERCO,45.0,1.1976359891101462,15.0,0.0
3598.0,Inks,TX,ERCO,46.0,1.7394920801064235,15.0,0.0
3598.0,Inks,TX,ERCO,47.0,1.7198665503088548,15.0,0.0
3598.0,Inks,TX,ERCO,48.0,1.638492402367718,15.0,0.0
3598.0,Inks,TX,ERCO,49.0,1.2632400478584975,15.0,0.0
3598.0,Inks,TX,ERCO,50.0,1.3196378798906092,15.0,0.0
3598.0,Inks,TX,ERCO,51.0,1.1618667295222973,15.0,0.0
3598.0,Inks,TX,ERCO,52.0,1.155120406576684,15.0,0.0
3599.0,Marble Falls,TX,ERCO,1.0,5.883559358461599,39.6,0.0
3599.0,Marble Falls,TX,ERCO,2.0,3.2721217053055622,39.6,0.0
3599.0,Marble Falls,TX,ERCO,3.0,1.968963669627347,39.6,0.0
3599.0,Marble Falls,TX,ERCO,4.0,0.8962768149315233,39.6,0.0
3599.0,Marble Falls,TX,ERCO,5.0,3.224019989661103,39.6,0.0
3599.0,Marble Falls,TX,ERCO,6.0,6.276315917865173,39.6,0.0
3599.0,Marble Falls,TX,ERCO,7.0,5.626066971419681,39.6,0.0
3599.0,Marble Falls,TX,ERCO,8.0,3.348176252194484,39.6,0.0
3599.0,Marble Falls,TX,ERCO,9.0,2.3006399689266135,39.6,0.0
3599.0,Marble Falls,TX,ERCO,10.0,1.5362365081000462,39.6,0.0
3599.0,Marble Falls,TX,ERCO,11.0,1.8854656054674084,39.6,0.0
3599.0,Marble Falls,TX,ERCO,12.0,1.8464559722508411,39.6,0.0
3599.0,Marble Falls,TX,ERCO,13.0,1.421065210032086,39.6,0.0
3599.0,Marble Falls,TX,ERCO,14.0,1.3022838179073004,39.6,0.0
3599.0,Marble Falls,TX,ERCO,15.0,4.010732057180348,39.6,0.0
3599.0,Marble Falls,TX,ERCO,16.0,2.2718015817431376,39.6,0.0
3599.0,Marble Falls,TX,ERCO,17.0,4.384911141232158,39.6,0.0
3599.0,Marble Falls,TX,ERCO,18.0,4.34082906885897,39.6,0.0
3599.0,Marble Falls,TX,ERCO,19.0,5.5740582948903175,39.6,0.0
3599.0,Marble Falls,TX,ERCO,20.0,5.679774082701634,39.6,0.0
3599.0,Marble Falls,TX,ERCO,21.0,1.4454700157810676,39.6,0.0
3599.0,Marble Falls,TX,ERCO,22.0,1.3503884124155356,39.6,0.0
3599.0,Marble Falls,TX,ERCO,23.0,3.12344322786132,39.6,0.0
3599.0,Marble Falls,TX,ERCO,24.0,2.828362938596491,39.6,0.0
3599.0,Marble Falls,TX,ERCO,25.0,1.6455929824561404,39.6,0.0
3599.0,Marble Falls,TX,ERCO,26.0,1.7484425438596491,39.6,0.0
3599.0,Marble Falls,TX,ERCO,27.0,4.6277980836481,39.6,0.0
3599.0,Marble Falls,TX,ERCO,28.0,4.154601468334507,39.6,0.0
3599.0,Marble Falls,TX,ERCO,29.0,3.3150823263126648,39.6,0.0
3599.0,Marble Falls,TX,ERCO,30.0,2.6208384643927154,39.6,0.0
3599.0,Marble Falls,TX,ERCO,31.0,1.6152838182148106,39.6,0.0
3599.0,Marble Falls,TX,ERCO,32.0,1.1094917600036651,39.6,0.0
3599.0,Marble Falls,TX,ERCO,33.0,1.4027747108270918,39.6,0.0
3599.0,Marble Falls,TX,ERCO,34.0,2.1640981916672395,39.6,0.0
3599.0,Marble Falls,TX,ERCO,35.0,1.7967368835749788,39.6,0.0
3599.0,Marble Falls,TX,ERCO,36.0,1.8551224501840395,39.6,0.0
3599.0,Marble Falls,TX,ERCO,37.0,2.33542642058594,39.6,0.0
3599.0,Marble Falls,TX,ERCO,38.0,1.7845226484361447,39.6,0.0
3599.0,Marble Falls,TX,ERCO,39.0,1.127343642804147,39.6,0.0
3599.0,Marble Falls,TX,ERCO,40.0,1.3381238023995012,39.6,0.0
3599.0,Marble Falls,TX,ERCO,41.0,1.4587793956203894,39.6,0.0
3599.0,Marble Falls,TX,ERCO,42.0,1.0949980601136071,39.6,0.0
3599.0,Marble Falls,TX,ERCO,43.0,2.3751348356190585,39.6,0.0
3599.0,Marble Falls,TX,ERCO,44.0,1.354186428441728,39.6,0.0
3599.0,Marble Falls,TX,ERCO,45.0,1.1641950583164038,39.6,0.0
3599.0,Marble Falls,TX,ERCO,46.0,1.6909211998088776,39.6,0.0
3599.0,Marble Falls,TX,ERCO,47.0,1.6718436628820297,39.6,0.0
3599.0,Marble Falls,TX,ERCO,48.0,1.5927416805024182,39.6,0.0
3599.0,Marble Falls,TX,ERCO,49.0,1.227967849502511,39.6,0.0
3599.0,Marble Falls,TX,ERCO,50.0,1.2827909408337903,39.6,0.0
3599.0,Marble Falls,TX,ERCO,51.0,1.1294250777424903,39.6,0.0
3599.0,Marble Falls,TX,ERCO,52.0,1.1228671256781793,39.6,0.0
3600.0,Marshall Ford,TX,ERCO,1.0,43.62300077566357,108.0,0.0
3600.0,Marshall Ford,TX,ERCO,2.0,24.260784839932818,108.0,0.0
3600.0,Marshall Ford,TX,ERCO,3.0,14.598663573246533,108.0,0.0
3600.0,Marshall Ford,TX,ERCO,4.0,6.645345412677251,108.0,0.0
3600.0,Marshall Ford,TX,ERCO,5.0,23.90414040679109,108.0,0.0
3600.0,Marshall Ford,TX,ERCO,6.0,46.53505234186076,108.0,0.0
3600.0,Marshall Ford,TX,ERCO,7.0,41.71385322536168,108.0,0.0
3600.0,Marshall Ford,TX,ERCO,8.0,24.8246836495512,108.0,0.0
3600.0,Marshall Ford,TX,ERCO,9.0,17.057841678843182,108.0,0.0
3600.0,Marshall Ford,TX,ERCO,10.0,11.390257568035972,108.0,0.0
3600.0,Marshall Ford,TX,ERCO,11.0,13.97957851457861,108.0,0.0
3600.0,Marshall Ford,TX,ERCO,12.0,13.690345855656293,108.0,0.0
3600.0,Marshall Ford,TX,ERCO,13.0,10.536332575027226,108.0,0.0
3600.0,Marshall Ford,TX,ERCO,14.0,9.655641670950086,108.0,0.0
3600.0,Marshall Ford,TX,ERCO,15.0,29.737136821672674,108.0,0.0
3600.0,Marshall Ford,TX,ERCO,16.0,16.844025854841654,108.0,0.0
3600.0,Marshall Ford,TX,ERCO,17.0,32.511446962470124,108.0,0.0
3600.0,Marshall Ford,TX,ERCO,18.0,32.18460273644043,108.0,0.0
3600.0,Marshall Ford,TX,ERCO,19.0,41.328243193985976,108.0,0.0
3600.0,Marshall Ford,TX,ERCO,20.0,42.11206129508386,108.0,0.0
3600.0,Marshall Ford,TX,ERCO,21.0,10.717278718914116,108.0,0.0
3600.0,Marshall Ford,TX,ERCO,22.0,10.012306220817171,108.0,0.0
3600.0,Marshall Ford,TX,ERCO,23.0,23.15842150987588,108.0,0.0
3600.0,Marshall Ford,TX,ERCO,24.0,20.970581610275687,108.0,0.0
3600.0,Marshall Ford,TX,ERCO,25.0,12.2010656641604,108.0,0.0
3600.0,Marshall Ford,TX,ERCO,26.0,12.963632268170429,108.0,0.0
3600.0,Marshall Ford,TX,ERCO,27.0,34.312306484537004,108.0,0.0
3600.0,Marshall Ford,TX,ERCO,28.0,30.80384209708818,108.0,0.0
3600.0,Marshall Ford,TX,ERCO,29.0,24.579318448929296,108.0,0.0
3600.0,Marshall Ford,TX,ERCO,30.0,19.431922612662056,108.0,0.0
3600.0,Marshall Ford,TX,ERCO,31.0,11.976347770189813,108.0,0.0
3600.0,Marshall Ford,TX,ERCO,32.0,8.226208555223437,108.0,0.0
3600.0,Marshall Ford,TX,ERCO,33.0,10.400723775739252,108.0,0.0
3600.0,Marshall Ford,TX,ERCO,34.0,16.045475685711995,108.0,0.0
3600.0,Marshall Ford,TX,ERCO,35.0,13.321714370461988,108.0,0.0
3600.0,Marshall Ford,TX,ERCO,36.0,13.754606928465435,108.0,0.0
3600.0,Marshall Ford,TX,ERCO,37.0,17.315769329580277,108.0,0.0
3600.0,Marshall Ford,TX,ERCO,38.0,13.231152251835578,108.0,0.0
3600.0,Marshall Ford,TX,ERCO,39.0,8.358568825759765,108.0,0.0
3600.0,Marshall Ford,TX,ERCO,40.0,9.921373488786404,108.0,0.0
3600.0,Marshall Ford,TX,ERCO,41.0,10.815960485990402,108.0,0.0
3600.0,Marshall Ford,TX,ERCO,42.0,8.118743509801313,108.0,0.0
3600.0,Marshall Ford,TX,ERCO,43.0,17.610177802127424,108.0,0.0
3600.0,Marshall Ford,TX,ERCO,44.0,10.040467632764033,108.0,0.0
3600.0,Marshall Ford,TX,ERCO,45.0,8.631798083963247,108.0,0.0
3600.0,Marshall Ford,TX,ERCO,46.0,12.537151973270358,108.0,0.0
3600.0,Marshall Ford,TX,ERCO,47.0,12.395703643357294,108.0,0.0
3600.0,Marshall Ford,TX,ERCO,48.0,11.809210568107991,108.0,0.0
3600.0,Marshall Ford,TX,ERCO,49.0,9.104631496657152,108.0,0.0
3600.0,Marshall Ford,TX,ERCO,50.0,9.511111230048458,108.0,0.0
3600.0,Marshall Ford,TX,ERCO,51.0,8.373997039168982,108.0,0.0
3600.0,Marshall Ford,TX,ERCO,52.0,8.325373830554453,108.0,0.0
6128.0,Amistad Dam & Power,TX,ERCO,1.0,8.016986511035656,66.0,0.0
6128.0,Amistad Dam & Power,TX,ERCO,2.0,11.651546416444337,66.0,0.0
6128.0,Amistad Dam & Power,TX,ERCO,3.0,15.950876722047054,66.0,0.0
6128.0,Amistad Dam & Power,TX,ERCO,4.0,7.641246719621637,66.0,0.0
6128.0,Amistad Dam & Power,TX,ERCO,5.0,28.425030742916373,66.0,0.0
6128.0,Amistad Dam & Power,TX,ERCO,6.0,26.15790735571908,66.0,0.0
6128.0,Amistad Dam & Power,TX,ERCO,7.0,20.7934927612845,66.0,0.0
6128.0,Amistad Dam & Power,TX,ERCO,8.0,14.560553899179563,66.0,0.0
6128.0,Amistad Dam & Power,TX,ERCO,9.0,9.810160234729322,66.0,0.0
6128.0,Amistad Dam & Power,TX,ERCO,10.0,2.291933022324661,66.0,0.0
6128.0,Amistad Dam & Power,TX,ERCO,11.0,2.342639505119454,66.0,0.0
6128.0,Amistad Dam & Power,TX,ERCO,12.0,1.460346704490049,66.0,0.0
6128.0,Amistad Dam & Power,TX,ERCO,13.0,1.3285098492235865,66.0,0.0
6128.0,Amistad Dam & Power,TX,ERCO,14.0,28.98150588560423,66.0,0.0
6128.0,Amistad Dam & Power,TX,ERCO,15.0,51.058021579869404,66.0,0.0
6128.0,Amistad Dam & Power,TX,ERCO,16.0,2.068245414006284,66.0,0.0
6128.0,Amistad Dam & Power,TX,ERCO,17.0,2.8402632874372005,66.0,0.0
6128.0,Amistad Dam & Power,TX,ERCO,18.0,37.427374157609904,66.0,0.0
6128.0,Amistad Dam & Power,TX,ERCO,19.0,34.36189210642325,66.0,0.0
6128.0,Amistad Dam & Power,TX,ERCO,20.0,1.4846585587220913,66.0,0.0
6128.0,Amistad Dam & Power,TX,ERCO,21.0,1.0578192230894898,66.0,0.0
6128.0,Amistad Dam & Power,TX,ERCO,22.0,0.5845223084556885,66.0,0.0
6128.0,Amistad Dam & Power,TX,ERCO,23.0,1.455692008970905,66.0,0.0
6128.0,Amistad Dam & Power,TX,ERCO,24.0,0.4432395540135768,66.0,0.0
6128.0,Amistad Dam & Power,TX,ERCO,25.0,0.2799407709559432,66.0,0.0
6128.0,Amistad Dam & Power,TX,ERCO,26.0,41.98178428435962,66.0,0.0
6128.0,Amistad Dam & Power,TX,ERCO,27.0,0.013997038547797162,66.0,0.0
6128.0,Amistad Dam & Power,TX,ERCO,28.0,64.90144713848842,66.0,0.0
6128.0,Amistad Dam & Power,TX,ERCO,29.0,5.841130242463957,66.0,0.0
6128.0,Amistad Dam & Power,TX,ERCO,30.0,0.0,66.0,0.0
6128.0,Amistad Dam & Power,TX,ERCO,31.0,0.0,66.0,0.0
6128.0,Amistad Dam & Power,TX,ERCO,32.0,0.0,66.0,0.0
6128.0,Amistad Dam & Power,TX,ERCO,33.0,23.794991071428576,66.0,0.0
6128.0,Amistad Dam & Power,TX,ERCO,34.0,0.0,66.0,0.0
6128.0,Amistad Dam & Power,TX,ERCO,35.0,7.931663690476191,66.0,0.0
6128.0,Amistad Dam & Power,TX,ERCO,36.0,33.42423267820107,66.0,0.0
6128.0,Amistad Dam & Power,TX,ERCO,37.0,0.06555014949226502,66.0,0.0
6128.0,Amistad Dam & Power,TX,ERCO,38.0,0.033832335221814204,66.0,0.0
6128.0,Amistad Dam & Power,TX,ERCO,39.0,0.10995508947089616,66.0,0.0
6128.0,Amistad Dam & Power,TX,ERCO,40.0,0.0784712288681156,66.0,0.0
6128.0,Amistad Dam & Power,TX,ERCO,41.0,0.12653834493469296,66.0,0.0
6128.0,Amistad Dam & Power,TX,ERCO,42.0,6.215810407279795,66.0,0.0
6128.0,Amistad Dam & Power,TX,ERCO,43.0,23.918833493752928,66.0,0.0
6128.0,Amistad Dam & Power,TX,ERCO,44.0,1.479319225005561,66.0,0.0
6128.0,Amistad Dam & Power,TX,ERCO,45.0,3.4356180338528013,66.0,0.0
6128.0,Amistad Dam & Power,TX,ERCO,46.0,17.619873761632093,66.0,0.0
6128.0,Amistad Dam & Power,TX,ERCO,47.0,4.357787668407548,66.0,0.0
6128.0,Amistad Dam & Power,TX,ERCO,48.0,3.5986061553089885,66.0,0.0
6128.0,Amistad Dam & Power,TX,ERCO,49.0,3.0377953058786726,66.0,0.0
6128.0,Amistad Dam & Power,TX,ERCO,50.0,3.5251674499682415,66.0,0.0
6128.0,Amistad Dam & Power,TX,ERCO,51.0,16.059621913009682,66.0,0.0
6128.0,Amistad Dam & Power,TX,ERCO,52.0,0.8015615651337183,66.0,0.0
6410.0,Falcon Dam & Power,TX,ERCO,1.0,5.2069932031692145,31.5,0.0
6410.0,Falcon Dam & Power,TX,ERCO,2.0,7.567621937909291,31.5,0.0
6410.0,Falcon Dam & Power,TX,ERCO,3.0,10.360015769261864,31.5,0.0
6410.0,Falcon Dam & Power,TX,ERCO,4.0,4.962952061605627,31.5,0.0
6410.0,Falcon Dam & Power,TX,ERCO,5.0,18.461915935435574,31.5,0.0
6410.0,Falcon Dam & Power,TX,ERCO,6.0,16.989429642786657,31.5,0.0
6410.0,Falcon Dam & Power,TX,ERCO,7.0,13.50526926682455,31.5,0.0
6410.0,Falcon Dam & Power,TX,ERCO,8.0,9.457006734754293,31.5,0.0
6410.0,Falcon Dam & Power,TX,ERCO,9.0,6.3716499990690325,31.5,0.0
6410.0,Falcon Dam & Power,TX,ERCO,10.0,1.488599238361184,31.5,0.0
6410.0,Falcon Dam & Power,TX,ERCO,11.0,1.5215328498293517,31.5,0.0
6410.0,Falcon Dam & Power,TX,ERCO,12.0,0.9484880102832324,31.5,0.0
6410.0,Falcon Dam & Power,TX,ERCO,13.0,0.8628606204659959,31.5,0.0
6410.0,Falcon Dam & Power,TX,ERCO,14.0,18.823345771975465,31.5,0.0
6410.0,Falcon Dam & Power,TX,ERCO,15.0,31.5,31.5,0.0
6410.0,Falcon Dam & Power,TX,ERCO,16.0,1.343315268065268,31.5,0.0
6410.0,Falcon Dam & Power,TX,ERCO,17.0,1.844737096237096,31.5,0.0
6410.0,Falcon Dam & Power,TX,ERCO,18.0,24.30889308603903,31.5,0.0
6410.0,Falcon Dam & Power,TX,ERCO,19.0,22.317877618874746,31.5,0.0
6410.0,Falcon Dam & Power,TX,ERCO,20.0,0.9642783324257276,31.5,0.0
6410.0,Falcon Dam & Power,TX,ERCO,21.0,0.6870483118533309,31.5,0.0
6410.0,Falcon Dam & Power,TX,ERCO,22.0,0.37964432925480746,31.5,0.0
6410.0,Falcon Dam & Power,TX,ERCO,23.0,0.945464756084712,31.5,0.0
6410.0,Falcon Dam & Power,TX,ERCO,24.0,0.287881896884768,31.5,0.0
6410.0,Falcon Dam & Power,TX,ERCO,25.0,0.18182014540090613,31.5,0.0
6410.0,Falcon Dam & Power,TX,ERCO,26.0,27.266961138622555,31.5,0.0
6410.0,Falcon Dam & Power,TX,ERCO,27.0,0.009091007270045305,31.5,0.0
6410.0,Falcon Dam & Power,TX,ERCO,28.0,31.5,31.5,0.0
6410.0,Falcon Dam & Power,TX,ERCO,29.0,3.7937850589777193,31.5,0.0
6410.0,Falcon Dam & Power,TX,ERCO,30.0,0.0,31.5,0.0
6410.0,Falcon Dam & Power,TX,ERCO,31.0,0.0,31.5,0.0
6410.0,Falcon Dam & Power,TX,ERCO,32.0,0.0,31.5,0.0
6410.0,Falcon Dam & Power,TX,ERCO,33.0,15.454727678571428,31.5,0.0
6410.0,Falcon Dam & Power,TX,ERCO,34.0,0.0,31.5,0.0
6410.0,Falcon Dam & Power,TX,ERCO,35.0,5.151575892857143,31.5,0.0
6410.0,Falcon Dam & Power,TX,ERCO,36.0,21.708871820483584,31.5,0.0
6410.0,Falcon Dam & Power,TX,ERCO,37.0,0.04257449398589176,31.5,0.0
6410.0,Falcon Dam & Power,TX,ERCO,38.0,0.021973932379815105,31.5,0.0
6410.0,Falcon Dam & Power,TX,ERCO,39.0,0.07141528023439908,31.5,0.0
6410.0,Falcon Dam & Power,TX,ERCO,40.0,0.050966669734888316,31.5,0.0
6410.0,Falcon Dam & Power,TX,ERCO,41.0,0.08218602047791093,31.5,0.0
6410.0,Falcon Dam & Power,TX,ERCO,42.0,4.037137688841772,31.5,0.0
6410.0,Falcon Dam & Power,TX,ERCO,43.0,15.53516240740999,31.5,0.0
6410.0,Falcon Dam & Power,TX,ERCO,44.0,0.9608104159229844,31.5,0.0
6410.0,Falcon Dam & Power,TX,ERCO,45.0,2.231416644818256,31.5,0.0
6410.0,Falcon Dam & Power,TX,ERCO,46.0,11.444019446833206,31.5,0.0
6410.0,Falcon Dam & Power,TX,ERCO,47.0,2.8303611874348915,31.5,0.0
6410.0,Falcon Dam & Power,TX,ERCO,48.0,2.3372766104900333,31.5,0.0
6410.0,Falcon Dam & Power,TX,ERCO,49.0,1.9730333181650128,31.5,0.0
6410.0,Falcon Dam & Power,TX,ERCO,50.0,2.2895791620450687,31.5,0.0
6410.0,Falcon Dam & Power,TX,ERCO,51.0,10.430646544940895,31.5,0.0
6410.0,Falcon Dam & Power,TX,ERCO,52.0,0.5206103490609862,31.5,0.0
61355.0,Arlington Outlet Hydroelectric Generator,TX,,1.0,0.23001926043317486,1.3,0.0
61355.0,Arlington Outlet Hydroelectric Generator,TX,,2.0,0.30496502905441103,1.3,0.0
61355.0,Arlington Outlet Hydroelectric Generator,TX,,3.0,0.19152223983095606,1.3,0.0
61355.0,Arlington Outlet Hydroelectric Generator,TX,,4.0,0.12245868991019546,1.3,0.0
61355.0,Arlington Outlet Hydroelectric Generator,TX,,5.0,0.1089386439193419,1.3,0.0
61355.0,Arlington Outlet Hydroelectric Generator,TX,,6.0,0.1874524041449816,1.3,0.0
61355.0,Arlington Outlet Hydroelectric Generator,TX,,7.0,0.3241800830063176,1.3,0.0
61355.0,Arlington Outlet Hydroelectric Generator,TX,,8.0,0.3909403666054382,1.3,0.0
61355.0,Arlington Outlet Hydroelectric Generator,TX,,9.0,0.3992632442620395,1.3,0.0
61355.0,Arlington Outlet Hydroelectric Generator,TX,,10.0,0.0602224619813586,1.3,0.0
61355.0,Arlington Outlet Hydroelectric Generator,TX,,11.0,0.0989907868804489,1.3,0.0
61355.0,Arlington Outlet Hydroelectric Generator,TX,,12.0,0.19845996789823828,1.3,0.0
61355.0,Arlington Outlet Hydroelectric Generator,TX,,13.0,0.11827375057017205,1.3,0.0
61355.0,Arlington Outlet Hydroelectric Generator,TX,,14.0,0.05740968655636031,1.3,0.0
61355.0,Arlington Outlet Hydroelectric Generator,TX,,15.0,0.18922548413463552,1.3,0.0
61355.0,Arlington Outlet Hydroelectric Generator,TX,,16.0,0.2291701305097635,1.3,0.0
61355.0,Arlington Outlet Hydroelectric Generator,TX,,17.0,0.3464461388990353,1.3,0.0
61355.0,Arlington Outlet Hydroelectric Generator,TX,,18.0,0.2853767982150255,1.3,0.0
61355.0,Arlington Outlet Hydroelectric Generator,TX,,19.0,0.2525638615373769,1.3,0.0
61355.0,Arlington Outlet Hydroelectric Generator,TX,,20.0,0.2684660305971377,1.3,0.0
61355.0,Arlington Outlet Hydroelectric Generator,TX,,21.0,0.3273975982891923,1.3,0.0
61355.0,Arlington Outlet Hydroelectric Generator,TX,,22.0,0.1932972329948703,1.3,0.0
61355.0,Arlington Outlet Hydroelectric Generator,TX,,23.0,0.16390858422256102,1.3,0.0
61355.0,Arlington Outlet Hydroelectric Generator,TX,,24.0,0.16653672827743904,1.3,0.0
61355.0,Arlington Outlet Hydroelectric Generator,TX,,25.0,0.16539786585365854,1.3,0.0
61355.0,Arlington Outlet Hydroelectric Generator,TX,,26.0,0.1498042111280488,1.3,0.0
61355.0,Arlington Outlet Hydroelectric Generator,TX,,27.0,0.5007447181928284,1.3,0.0
61355.0,Arlington Outlet Hydroelectric Generator,TX,,28.0,0.3509582153199885,1.3,0.0
61355.0,Arlington Outlet Hydroelectric Generator,TX,,29.0,0.18431441937434365,1.3,0.0
61355.0,Arlington Outlet Hydroelectric Generator,TX,,30.0,0.06563374416373811,1.3,0.0
61355.0,Arlington Outlet Hydroelectric Generator,TX,,31.0,0.07057396355176389,1.3,0.0
61355.0,Arlington Outlet Hydroelectric Generator,TX,,32.0,0.11913892540976423,1.3,0.0
61355.0,Arlington Outlet Hydroelectric Generator,TX,,33.0,0.10250884639945906,1.3,0.0
61355.0,Arlington Outlet Hydroelectric Generator,TX,,34.0,0.11225303331955974,1.3,0.0
61355.0,Arlington Outlet Hydroelectric Generator,TX,,35.0,0.10939473848966356,1.3,0.0
61355.0,Arlington Outlet Hydroelectric Generator,TX,,36.0,0.15736488130364115,1.3,0.0
61355.0,Arlington Outlet Hydroelectric Generator,TX,,37.0,0.11606270252922116,1.3,0.0
61355.0,Arlington Outlet Hydroelectric Generator,TX,,38.0,0.10847924496071062,1.3,0.0
61355.0,Arlington Outlet Hydroelectric Generator,TX,,39.0,0.11132710992742596,1.3,0.0
61355.0,Arlington Outlet Hydroelectric Generator,TX,,40.0,0.06738898738300543,1.3,0.0
61355.0,Arlington Outlet Hydroelectric Generator,TX,,41.0,0.05171385045693328,1.3,0.0
61355.0,Arlington Outlet Hydroelectric Generator,TX,,42.0,0.0900079806840785,1.3,0.0
61355.0,Arlington Outlet Hydroelectric Generator,TX,,43.0,0.1280464971925611,1.3,0.0
61355.0,Arlington Outlet Hydroelectric Generator,TX,,44.0,0.2262505380011556,1.3,0.0
61355.0,Arlington Outlet Hydroelectric Generator,TX,,45.0,0.13523430235936776,1.3,0.0
61355.0,Arlington Outlet Hydroelectric Generator,TX,,46.0,0.12658882496513252,1.3,0.0
61355.0,Arlington Outlet Hydroelectric Generator,TX,,47.0,0.06741886041376104,1.3,0.0
61355.0,Arlington Outlet Hydroelectric Generator,TX,,48.0,0.08526502934681544,1.3,0.0
61355.0,Arlington Outlet Hydroelectric Generator,TX,,49.0,0.10650354095742444,1.3,0.0
61355.0,Arlington Outlet Hydroelectric Generator,TX,,50.0,0.07206957403437986,1.3,0.0
61355.0,Arlington Outlet Hydroelectric Generator,TX,,51.0,0.08193585298196948,1.3,0.0
61355.0,Arlington Outlet Hydroelectric Generator,TX,,52.0,0.07674788908502501,1.3,0.0
